id,Grupo,pos,Idade,Estatura,Massa,%G,CMJ_pre,CMJ_pos,CMJ_d,BkMel_pre,BkMel_pos,BkMel_d,BkSoma_pre,BkSoma_pos,BkSoma_d,BkF_pre,BkF_pos,BkF_d,TCARpv_pre,TCARpv_pos,TCARpv_d,TCARfc_pre,TCARfc_pos,TCARrep_pre,TCARrep_pos,Carga_%FC,Carga_TRIMP,Carga_PSE
P01,Controle,meia,18,184.8,60.5,5.86,40.0,39.3,-0.7000000000000028,7.82,8.04,0.21999999999999886,67.34,68.07,0.7299999999999898,5.95,4.02,-1.9300000000000006,13.9,14.5,0.5999999999999996,209,206,46,51,,,
P02,Controle,meia,20,181.0,74.3,8.92,37.9,37.6,-0.29999999999999716,8.44,8.31,-0.129999999999999,70.5,68.93,-1.5699999999999932,4.16,2.45,-1.71,14.5,14.6,0.09999999999999964,195,189,51,52,,,
P03,Controle,ponta,21,182.5,74.3,4.97,44.1,46.1,2.0,8.2,8.04,-0.16000000000000014,70.83,67.73,-3.0999999999999943,7.01,3.8,-3.21,14.5,14.6,0.09999999999999964,191,194,51,52,,,
P04,Controle,ponta,24,181.0,76.4,12.86,53.1,52.0,-1.1000000000000014,8.07,8.45,0.379999999999999,68.69,70.7,2.010000000000005,5.05,2.6,-2.4499999999999997,14.5,14.5,0.0,198,199,51,51,,,
P05,Controle,ponta,23,170.8,77.1,6.82,38.2,35.5,-2.700000000000003,7.93,8.07,0.14000000000000057,67.97,67.17,-0.7999999999999972,6.9,3.02,-3.8800000000000003,14.5,14.5,0.0,193,191,51,51,,,
P06,Controle,ponta,20,178.2,78.0,7.59,41.2,42.1,0.8999999999999986,8.51,8.53,0.019999999999999574,73.94,69.37,-4.569999999999993,4.23,1.81,-2.4200000000000004,17.3,17.0,-0.3000000000000007,191,193,74,72,,,
P07,Controle,meia,24,178.5,78.3,11.53,46.5,48.5,2.0,8.42,7.77,-0.6500000000000004,70.69,65.83,-4.859999999999999,4.09,3.84,-0.25,16.4,16.0,-0.3999999999999986,202,197,67,63,,,
P08,Controle,pivo,20,184.0,89.0,7.81,37.1,41.7,4.600000000000001,8.58,8.01,-0.5700000000000003,71.26,66.76,-4.5,1.9,2.69,0.79,15.2,15.7,0.5,178,186,57,61,,,
P09,Controle,ponta,19,184.0,89.0,15.33,33.0,33.8,0.7999999999999972,8.13,8.23,0.09999999999999964,68.2,68.17,-0.030000000000001137,3.72,3.24,-0.48,15.7,16.6,0.9000000000000021,189,195,61,68,,,
P10,Controle,goleiro,22,182.7,90.2,13.01,38.3,38.7,0.4000000000000057,8.73,8.54,-0.19000000000000128,71.43,69.52,-1.9100000000000108,2.06,2.11,0.04999999999999982,15.5,14.6,-0.9000000000000004,206,194,59,52,,,
P11,Controle,pivo,24,184.1,98.1,21.52,36.9,34.4,-2.5,8.52,8.37,-0.15000000000000036,71.44,70.23,-1.2099999999999937,3.43,2.85,-0.5800000000000001,13.3,13.9,0.5999999999999996,186,185,41,46,,,
P12,Controle,pivo,24,196.3,128.9,21.15,34.4,33.4,-1.0,9.56,9.14,-0.41999999999999993,78.98,75.9,-3.0799999999999983,2.34,2.49,0.15000000000000036,13.2,13.4,0.20000000000000107,194,190,40,42,,,
P13,Experimental,meia,21,177.0,65.9,5.09,39.1,40.0,0.8999999999999986,8.06,8.07,0.009999999999999787,66.48,67.04,0.5600000000000023,2.71,3.02,0.31000000000000005,17.5,18.7,1.1999999999999993,198,197,76,86,76.64141414141415,77.0,8.666666666666666
P14,Experimental,meia,20,183.1,70.4,5.86,41.4,45.0,3.6000000000000014,8.02,7.92,-0.09999999999999964,67.79,66.47,-1.3200000000000074,6.6,3.37,-3.2299999999999995,14.9,16.4,1.4999999999999982,208,205,54,67,73.90169638973467,69.72727272727273,8.272727272727273
P15,Experimental,ponta,21,178.6,70.9,5.46,41.0,47.7,6.700000000000003,8.24,7.9,-0.33999999999999986,68.99,66.68,-2.309999999999988,3.78,4.53,0.7500000000000004,16.2,17.5,1.3000000000000007,198,204,65,76,74.878640776699,71.91666666666667,8.25
P16,Experimental,ponta,19,183.0,78.0,14.24,30.0,32.1,2.1000000000000014,8.49,8.43,-0.0600000000000005,72.44,69.18,-3.259999999999991,4.5,3.02,-1.48,14.4,16.8,2.4000000000000004,198,201,50,70,76.74129353233832,78.25,7.583333333333333
P17,Experimental,ponta,23,174.5,79.6,6.33,46.7,46.5,-0.20000000000000284,8.41,7.89,-0.5200000000000005,68.87,66.47,-2.4000000000000057,1.45,4.31,2.8599999999999994,14.4,16.2,1.799999999999999,188,186,50,65,79.78632478632478,83.16666666666667,8.416666666666666
P18,Experimental,goleiro,21,182.0,84.9,17.79,39.3,39.8,0.5,8.66,8.41,-0.25,74.68,71.21,-3.470000000000013,6.5,4.11,-2.3899999999999997,14.2,14.9,0.7000000000000011,194,189,48,54,78.80710659898477,83.08333333333333,8.25
P19,Experimental,meia,19,180.3,85.1,10.15,40.5,37.8,-2.700000000000003,8.12,8.19,0.07000000000000028,67.68,67.69,0.009999999999990905,3.58,2.67,-0.9100000000000001,15.0,15.6,0.5999999999999996,190,194,55,60,78.91414141414141,82.16666666666667,7.916666666666667
P20,Experimental,meia,24,175.3,87.4,10.27,33.5,36.9,3.3999999999999986,8.83,8.54,-0.2900000000000009,73.94,69.71,-4.230000000000004,4.17,1.49,-2.6799999999999997,14.4,16.1,1.700000000000001,189,188,50,64,78.95189003436425,82.16666666666667,8.75
P21,Experimental,meia,24,184.3,89.6,16.83,37.9,41.7,3.8000000000000043,8.25,7.91,-0.33999999999999986,69.16,65.99,-3.1700000000000017,4.63,4.52,-0.11000000000000032,15.4,16.7,1.299999999999999,196,174,58,69,78.52504638218923,81.54545454545455,7.75
P22,Experimental,meia,21,190.2,94.5,8.18,46.1,47.3,1.1999999999999957,8.29,7.86,-0.4299999999999988,70.47,68.27,-2.200000000000003,5.19,4.33,-0.8600000000000003,14.4,16.4,1.9999999999999982,194,187,50,67,79.08163265306122,82.25,7.083333333333333
P23,Experimental,pivo,20,200.0,105.5,13.38,34.0,36.0,2.0,8.49,8.35,-0.14000000000000057,73.05,70.04,-3.009999999999991,6.45,4.22,-2.2300000000000004,14.6,16.3,1.700000000000001,200,200,52,66,82.08333333333333,90.08333333333333,7.0
P24,Experimental,meia,23,190.0,116.7,14.34,44.3,47.3,3.0,7.96,8.03,0.0699999999999994,71.42,71.12,-0.29999999999999716,10.19,10.3,0.11000000000000121,13.2,14.4,1.200000000000001,207,195,40,50,79.88782051282051,85.5,9.166666666666666
