carga,viavel,vigor_minimo,fadiga_maxima,horas
14.0,0,,,null
16.0,0,,,null
18.0,0,,,null
20.0,1,4.83232941925236,6.175622043075485,"[1.6666666666666667, 2.0, 4.5, 2.5, 5.0, 3.333333333333332, 1.0]"
22.0,1,4.868970284226288,6.112998611796742,"[2.34375, 2.3437499999999996, 4.5, 2.5, 5.0, 3.90625, 1.4062499999999998]"
23.0,1,4.879534273868122,6.094943544596898,"[2.6190476190476186, 2.619047619047619, 4.5, 2.619047619047619, 5.0, 4.071428571428571, 1.5714285714285714]"
24.0,1,4.888670697342141,6.079328351342978,"[2.8571428571428568, 2.8571428571428568, 4.5, 2.8571428571428568, 5.0, 4.2142857142857135, 1.714285714285714]"
26.0,1,4.906943544290178,6.104933733433255,"[3.333333333333333, 3.3333333333333335, 4.5, 3.3333333333333335, 5.0, 4.5, 2.0]"
28.0,1,4.91554273324226,6.1291488447279825,"[3.851539738228456, 3.8515397382284555, 4.5, 3.8515397382284555, 5.0, 4.634456942377559, 2.3109238429370733]"
