atleta,dia,hora_pre,hora_pos,variavel,pre,pos,delta
A01,2,14:09,20:51,Tensão,4.0,6.0,2.0
A01,2,14:09,20:51,Depressão,0.0,0.0,0.0
A01,2,14:09,20:51,Raiva,0.0,3.0,3.0
A01,2,14:09,20:51,Vigor,10.0,6.0,-4.0
A01,2,14:09,20:51,Fadiga,2.0,4.0,2.0
A01,2,14:09,20:51,Confusão,0.0,0.0,0.0
A01,2,14:09,20:51,TMD,-4.0,7.0,11.0
A01,2,14:09,20:51,Fad.Física,1.0,4.0,3.0
A01,2,14:09,20:51,Fad.Mental,1.0,4.0,3.0
A01,2,14:09,20:51,Epworth,6.0,12.0,6.0
A01,2,14:09,20:51,PSS,15.0,15.0,0.0
A02,2,14:12,17:45,Tensão,2.0,3.0,1.0
A02,2,14:12,17:45,Depressão,0.0,0.0,0.0
A02,2,14:12,17:45,Raiva,1.0,3.0,2.0
A02,2,14:12,17:45,Vigor,7.0,2.0,-5.0
A02,2,14:12,17:45,Fadiga,6.0,4.0,-2.0
A02,2,14:12,17:45,Confusão,0.0,0.0,0.0
A02,2,14:12,17:45,TMD,2.0,8.0,6.0
A02,2,14:12,17:45,Fad.Física,6.0,9.0,3.0
A02,2,14:12,17:45,Fad.Mental,7.0,8.0,1.0
A02,2,14:12,17:45,Epworth,15.0,18.0,3.0
A02,2,14:12,17:45,PSS,20.0,24.0,4.0
A04,2,09:35,13:49,Tensão,0.0,1.0,1.0
A04,2,09:35,13:49,Depressão,0.0,0.0,0.0
A04,2,09:35,13:49,Raiva,3.0,0.0,-3.0
A04,2,09:35,13:49,Vigor,7.0,7.0,0.0
A04,2,09:35,13:49,Fadiga,7.0,9.0,2.0
A04,2,09:35,13:49,Confusão,2.0,0.0,-2.0
A04,2,09:35,13:49,TMD,5.0,3.0,-2.0
A04,2,09:35,13:49,Fad.Física,6.0,7.0,1.0
A04,2,09:35,13:49,Fad.Mental,6.0,6.0,0.0
A04,2,09:35,13:49,Epworth,18.0,18.0,0.0
A04,2,09:35,13:49,PSS,21.0,20.0,-1.0
A05,2,09:29,15:56,Tensão,3.0,4.0,1.0
A05,2,09:29,15:56,Depressão,2.0,1.0,-1.0
A05,2,09:29,15:56,Raiva,8.0,5.0,-3.0
A05,2,09:29,15:56,Vigor,6.0,6.0,0.0
A05,2,09:29,15:56,Fadiga,9.0,11.0,2.0
A05,2,09:29,15:56,Confusão,2.0,1.0,-1.0
A05,2,09:29,15:56,TMD,18.0,16.0,-2.0
A05,2,09:29,15:56,Fad.Física,6.0,8.0,2.0
A05,2,09:29,15:56,Fad.Mental,8.0,8.0,0.0
A05,2,09:29,15:56,Epworth,15.0,14.0,-1.0
A05,2,09:29,15:56,PSS,21.0,19.0,-2.0
A06,2,14:02,15:59,Tensão,0.0,0.0,0.0
A06,2,14:02,15:59,Depressão,0.0,0.0,0.0
A06,2,14:02,15:59,Raiva,0.0,0.0,0.0
A06,2,14:02,15:59,Vigor,11.0,5.0,-6.0
A06,2,14:02,15:59,Fadiga,0.0,7.0,7.0
A06,2,14:02,15:59,Confusão,0.0,0.0,0.0
A06,2,14:02,15:59,TMD,-11.0,2.0,13.0
A06,2,14:02,15:59,Fad.Física,1.0,8.0,7.0
A06,2,14:02,15:59,Fad.Mental,0.0,7.0,7.0
A06,2,14:02,15:59,Epworth,4.0,3.0,-1.0
A06,2,14:02,15:59,PSS,20.0,22.0,2.0
A07,2,14:07,17:38,Tensão,6.0,3.0,-3.0
A07,2,14:07,17:38,Depressão,4.0,4.0,0.0
A07,2,14:07,17:38,Raiva,10.0,7.0,-3.0
A07,2,14:07,17:38,Vigor,4.0,3.0,-1.0
A07,2,14:07,17:38,Fadiga,8.0,9.0,1.0
A07,2,14:07,17:38,Confusão,0.0,1.0,1.0
A07,2,14:07,17:38,TMD,24.0,21.0,-3.0
A07,2,14:07,17:38,Fad.Física,5.0,8.0,3.0
A07,2,14:07,17:38,Fad.Mental,8.0,7.0,-1.0
A07,2,14:07,17:38,Epworth,13.0,17.0,4.0
A07,2,14:07,17:38,PSS,27.0,25.0,-2.0
A08,2,09:33,16:01,Tensão,2.0,2.0,0.0
A08,2,09:33,16:01,Depressão,3.0,1.0,-2.0
A08,2,09:33,16:01,Raiva,0.0,0.0,0.0
A08,2,09:33,16:01,Vigor,7.0,8.0,1.0
A08,2,09:33,16:01,Fadiga,1.0,2.0,1.0
A08,2,09:33,16:01,Confusão,0.0,0.0,0.0
A08,2,09:33,16:01,TMD,-1.0,-3.0,-2.0
A08,2,09:33,16:01,Fad.Física,2.0,8.0,6.0
A08,2,09:33,16:01,Fad.Mental,5.0,7.0,2.0
A08,2,09:33,16:01,Epworth,4.0,3.0,-1.0
A08,2,09:33,16:01,PSS,34.0,30.0,-4.0
A09,2,09:32,16:04,Tensão,0.0,0.0,0.0
A09,2,09:32,16:04,Depressão,0.0,0.0,0.0
A09,2,09:32,16:04,Raiva,2.0,0.0,-2.0
A09,2,09:32,16:04,Vigor,7.0,3.0,-4.0
A09,2,09:32,16:04,Fadiga,6.0,8.0,2.0
A09,2,09:32,16:04,Confusão,0.0,0.0,0.0
A09,2,09:32,16:04,TMD,1.0,5.0,4.0
A09,2,09:32,16:04,Fad.Física,5.0,8.0,3.0
A09,2,09:32,16:04,Fad.Mental,7.0,6.0,-1.0
A09,2,09:32,16:04,Epworth,10.0,0.0,-10.0
A09,2,09:32,16:04,PSS,17.0,20.0,3.0
A10,2,09:35,13:59,Tensão,2.0,1.0,-1.0
A10,2,09:35,13:59,Depressão,0.0,1.0,1.0
A10,2,09:35,13:59,Raiva,4.0,3.0,-1.0
A10,2,09:35,13:59,Vigor,6.0,6.0,0.0
A10,2,09:35,13:59,Fadiga,4.0,4.0,0.0
A10,2,09:35,13:59,Confusão,1.0,0.0,-1.0
A10,2,09:35,13:59,TMD,5.0,3.0,-2.0
A10,2,09:35,13:59,Fad.Física,4.0,3.0,-1.0
A10,2,09:35,13:59,Fad.Mental,5.0,5.0,0.0
A10,2,09:35,13:59,Epworth,11.0,11.0,0.0
A10,2,09:35,13:59,PSS,23.0,24.0,1.0
A11,2,14:08,17:41,Tensão,3.0,0.0,-3.0
A11,2,14:08,17:41,Depressão,0.0,0.0,0.0
A11,2,14:08,17:41,Raiva,8.0,7.0,-1.0
A11,2,14:08,17:41,Vigor,3.0,2.0,-1.0
A11,2,14:08,17:41,Fadiga,0.0,3.0,3.0
A11,2,14:08,17:41,Confusão,2.0,0.0,-2.0
A11,2,14:08,17:41,TMD,10.0,8.0,-2.0
A11,2,14:08,17:41,Fad.Física,3.0,9.0,6.0
A11,2,14:08,17:41,Fad.Mental,5.0,8.0,3.0
A11,2,14:08,17:41,Epworth,10.0,10.0,0.0
A11,2,14:08,17:41,PSS,24.0,28.0,4.0
A12,2,09:33,17:30,Tensão,2.0,0.0,-2.0
A12,2,09:33,17:30,Depressão,1.0,0.0,-1.0
A12,2,09:33,17:30,Raiva,0.0,0.0,0.0
A12,2,09:33,17:30,Vigor,5.0,1.0,-4.0
A12,2,09:33,17:30,Fadiga,2.0,11.0,9.0
A12,2,09:33,17:30,Confusão,3.0,0.0,-3.0
A12,2,09:33,17:30,TMD,3.0,10.0,7.0
A12,2,09:33,17:30,Fad.Física,5.0,9.0,4.0
A12,2,09:33,17:30,Fad.Mental,6.0,5.0,-1.0
A12,2,09:33,17:30,Epworth,12.0,18.0,6.0
A12,2,09:33,17:30,PSS,17.0,26.0,9.0
A13,2,09:32,18:41,Tensão,0.0,0.0,0.0
A13,2,09:32,18:41,Depressão,0.0,0.0,0.0
A13,2,09:32,18:41,Raiva,0.0,0.0,0.0
A13,2,09:32,18:41,Vigor,10.0,3.0,-7.0
A13,2,09:32,18:41,Fadiga,4.0,11.0,7.0
A13,2,09:32,18:41,Confusão,0.0,0.0,0.0
A13,2,09:32,18:41,TMD,-6.0,8.0,14.0
A13,2,09:32,18:41,Fad.Física,3.0,8.0,5.0
A13,2,09:32,18:41,Fad.Mental,1.0,1.0,0.0
A13,2,09:32,18:41,Epworth,6.0,13.0,7.0
A13,2,09:32,18:41,PSS,14.0,14.0,0.0
A14,2,14:09,15:58,Tensão,6.0,8.0,2.0
A14,2,14:09,15:58,Depressão,4.0,5.0,1.0
A14,2,14:09,15:58,Raiva,0.0,0.0,0.0
A14,2,14:09,15:58,Vigor,5.0,7.0,2.0
A14,2,14:09,15:58,Fadiga,0.0,11.0,11.0
A14,2,14:09,15:58,Confusão,0.0,0.0,0.0
A14,2,14:09,15:58,TMD,5.0,17.0,12.0
A14,2,14:09,15:58,Fad.Física,5.0,9.0,4.0
A14,2,14:09,15:58,Fad.Mental,8.0,9.0,1.0
A14,2,14:09,15:58,Epworth,6.0,13.0,7.0
A14,2,14:09,15:58,PSS,24.0,31.0,7.0
A15,2,14:09,17:28,Tensão,0.0,0.0,0.0
A15,2,14:09,17:28,Depressão,1.0,0.0,-1.0
A15,2,14:09,17:28,Raiva,0.0,0.0,0.0
A15,2,14:09,17:28,Vigor,3.0,0.0,-3.0
A15,2,14:09,17:28,Fadiga,0.0,2.0,2.0
A15,2,14:09,17:28,Confusão,0.0,0.0,0.0
A15,2,14:09,17:28,TMD,-2.0,2.0,4.0
A15,2,14:09,17:28,Fad.Física,4.0,9.0,5.0
A15,2,14:09,17:28,Fad.Mental,6.0,4.0,-2.0
A15,2,14:09,17:28,Epworth,9.0,9.0,0.0
A15,2,14:09,17:28,PSS,24.0,23.0,-1.0
A16,2,15:57,18:54,Tensão,2.0,2.0,0.0
A16,2,15:57,18:54,Depressão,3.0,4.0,1.0
A16,2,15:57,18:54,Raiva,2.0,0.0,-2.0
A16,2,15:57,18:54,Vigor,1.0,4.0,3.0
A16,2,15:57,18:54,Fadiga,3.0,3.0,0.0
A16,2,15:57,18:54,Confusão,0.0,3.0,3.0
A16,2,15:57,18:54,TMD,9.0,8.0,-1.0
A16,2,15:57,18:54,Fad.Física,5.0,4.0,-1.0
A16,2,15:57,18:54,Fad.Mental,5.0,2.0,-3.0
A16,2,15:57,18:54,Epworth,2.0,3.0,1.0
A16,2,15:57,18:54,PSS,27.0,27.0,0.0
A17,2,09:37,15:53,Tensão,2.0,3.0,1.0
A17,2,09:37,15:53,Depressão,9.0,9.0,0.0
A17,2,09:37,15:53,Raiva,0.0,0.0,0.0
A17,2,09:37,15:53,Vigor,0.0,0.0,0.0
A17,2,09:37,15:53,Fadiga,10.0,12.0,2.0
A17,2,09:37,15:53,Confusão,0.0,4.0,4.0
A17,2,09:37,15:53,TMD,21.0,28.0,7.0
A17,2,09:37,15:53,Fad.Física,7.0,9.0,2.0
A17,2,09:37,15:53,Fad.Mental,10.0,10.0,0.0
A17,2,09:37,15:53,Epworth,13.0,10.0,-3.0
A17,2,09:37,15:53,PSS,37.0,30.0,-7.0
A18,2,15:09,18:08,Tensão,1.0,2.0,1.0
A18,2,15:09,18:08,Depressão,0.0,0.0,0.0
A18,2,15:09,18:08,Raiva,0.0,0.0,0.0
A18,2,15:09,18:08,Vigor,6.0,7.0,1.0
A18,2,15:09,18:08,Fadiga,8.0,8.0,0.0
A18,2,15:09,18:08,Confusão,0.0,1.0,1.0
A18,2,15:09,18:08,TMD,3.0,4.0,1.0
A18,2,15:09,18:08,Fad.Física,6.0,6.0,0.0
A18,2,15:09,18:08,Fad.Mental,0.0,0.0,0.0
A18,2,15:09,18:08,Epworth,3.0,6.0,3.0
A18,2,15:09,18:08,PSS,19.0,14.0,-5.0
A19,2,09:21,18:13,Tensão,2.0,3.0,1.0
A19,2,09:21,18:13,Depressão,0.0,0.0,0.0
A19,2,09:21,18:13,Raiva,0.0,0.0,0.0
A19,2,09:21,18:13,Vigor,9.0,5.0,-4.0
A19,2,09:21,18:13,Fadiga,2.0,4.0,2.0
A19,2,09:21,18:13,Confusão,0.0,0.0,0.0
A19,2,09:21,18:13,TMD,-5.0,2.0,7.0
A19,2,09:21,18:13,Fad.Física,4.0,6.0,2.0
A19,2,09:21,18:13,Fad.Mental,1.0,3.0,2.0
A19,2,09:21,18:13,Epworth,5.0,14.0,9.0
A19,2,09:21,18:13,PSS,23.0,23.0,0.0
A20,2,14:09,17:30,Tensão,0.0,0.0,0.0
A20,2,14:09,17:30,Depressão,4.0,1.0,-3.0
A20,2,14:09,17:30,Raiva,4.0,0.0,-4.0
A20,2,14:09,17:30,Vigor,4.0,10.0,6.0
A20,2,14:09,17:30,Fadiga,8.0,5.0,-3.0
A20,2,14:09,17:30,Confusão,0.0,0.0,0.0
A20,2,14:09,17:30,TMD,12.0,-4.0,-16.0
A20,2,14:09,17:30,Fad.Física,5.0,6.0,1.0
A20,2,14:09,17:30,Fad.Mental,3.0,1.0,-2.0
A20,2,14:09,17:30,Epworth,12.0,10.0,-2.0
A20,2,14:09,17:30,PSS,23.0,17.0,-6.0
A21,2,16:00,17:59,Tensão,2.0,3.0,1.0
A21,2,16:00,17:59,Depressão,0.0,0.0,0.0
A21,2,16:00,17:59,Raiva,6.0,5.0,-1.0
A21,2,16:00,17:59,Vigor,13.0,8.0,-5.0
A21,2,16:00,17:59,Fadiga,6.0,7.0,1.0
A21,2,16:00,17:59,Confusão,0.0,1.0,1.0
A21,2,16:00,17:59,TMD,1.0,8.0,7.0
A21,2,16:00,17:59,Fad.Física,7.0,7.0,0.0
A21,2,16:00,17:59,Fad.Mental,4.0,6.0,2.0
A21,2,16:00,17:59,Epworth,8.0,12.0,4.0
A21,2,16:00,17:59,PSS,28.0,30.0,2.0
A22,2,14:13,17:42,Tensão,0.0,0.0,0.0
A22,2,14:13,17:42,Depressão,0.0,0.0,0.0
A22,2,14:13,17:42,Raiva,0.0,2.0,2.0
A22,2,14:13,17:42,Vigor,10.0,6.0,-4.0
A22,2,14:13,17:42,Fadiga,0.0,7.0,7.0
A22,2,14:13,17:42,Confusão,0.0,0.0,0.0
A22,2,14:13,17:42,TMD,-10.0,3.0,13.0
A22,2,14:13,17:42,Fad.Física,1.0,7.0,6.0
A22,2,14:13,17:42,Fad.Mental,1.0,2.0,1.0
A22,2,14:13,17:42,Epworth,4.0,2.0,-2.0
A22,2,14:13,17:42,PSS,21.0,21.0,0.0
A24,2,14:12,17:26,Tensão,0.0,0.0,0.0
A24,2,14:12,17:26,Depressão,0.0,1.0,1.0
A24,2,14:12,17:26,Raiva,0.0,3.0,3.0
A24,2,14:12,17:26,Vigor,9.0,2.0,-7.0
A24,2,14:12,17:26,Fadiga,2.0,12.0,10.0
A24,2,14:12,17:26,Confusão,0.0,0.0,0.0
A24,2,14:12,17:26,TMD,-7.0,14.0,21.0
A24,2,14:12,17:26,Fad.Física,4.0,9.0,5.0
A24,2,14:12,17:26,Fad.Mental,3.0,7.0,4.0
A24,2,14:12,17:26,Epworth,4.0,12.0,8.0
A24,2,14:12,17:26,PSS,20.0,23.0,3.0
A25,2,09:31,15:55,Tensão,0.0,0.0,0.0
A25,2,09:31,15:55,Depressão,2.0,4.0,2.0
A25,2,09:31,15:55,Raiva,0.0,2.0,2.0
A25,2,09:31,15:55,Vigor,0.0,0.0,0.0
A25,2,09:31,15:55,Fadiga,5.0,12.0,7.0
A25,2,09:31,15:55,Confusão,0.0,0.0,0.0
A25,2,09:31,15:55,TMD,7.0,18.0,11.0
A25,2,09:31,15:55,Fad.Física,6.0,6.0,0.0
A25,2,09:31,15:55,Fad.Mental,6.0,5.0,-1.0
A25,2,09:31,15:55,Epworth,15.0,15.0,0.0
A25,2,09:31,15:55,PSS,17.0,16.0,-1.0
A26,2,09:30,17:44,Tensão,0.0,2.0,2.0
A26,2,09:30,17:44,Depressão,0.0,0.0,0.0
A26,2,09:30,17:44,Raiva,0.0,0.0,0.0
A26,2,09:30,17:44,Vigor,13.0,7.0,-6.0
A26,2,09:30,17:44,Fadiga,4.0,4.0,0.0
A26,2,09:30,17:44,Confusão,0.0,0.0,0.0
A26,2,09:30,17:44,TMD,-9.0,-1.0,8.0
A26,2,09:30,17:44,Fad.Física,4.0,5.0,1.0
A26,2,09:30,17:44,Fad.Mental,3.0,2.0,-1.0
A26,2,09:30,17:44,Epworth,0.0,0.0,0.0
A26,2,09:30,17:44,PSS,20.0,27.0,7.0
A27,2,15:07,17:52,Tensão,2.0,6.0,4.0
A27,2,15:07,17:52,Depressão,0.0,1.0,1.0
A27,2,15:07,17:52,Raiva,0.0,0.0,0.0
A27,2,15:07,17:52,Vigor,10.0,9.0,-1.0
A27,2,15:07,17:52,Fadiga,0.0,0.0,0.0
A27,2,15:07,17:52,Confusão,1.0,2.0,1.0
A27,2,15:07,17:52,TMD,-7.0,0.0,7.0
A27,2,15:07,17:52,Fad.Física,2.0,1.0,-1.0
A27,2,15:07,17:52,Fad.Mental,2.0,1.0,-1.0
A27,2,15:07,17:52,Epworth,12.0,12.0,0.0
A27,2,15:07,17:52,PSS,27.0,21.0,-6.0
A01,3,08:58,15:20,Tensão,6.0,6.0,0.0
A01,3,08:58,15:20,Depressão,1.0,2.0,1.0
A01,3,08:58,15:20,Raiva,7.0,8.0,1.0
A01,3,08:58,15:20,Vigor,5.0,6.0,1.0
A01,3,08:58,15:20,Fadiga,12.0,4.0,-8.0
A01,3,08:58,15:20,Confusão,0.0,0.0,0.0
A01,3,08:58,15:20,TMD,21.0,14.0,-7.0
A01,3,08:58,15:20,Fad.Física,3.0,6.0,3.0
A01,3,08:58,15:20,Fad.Mental,2.0,3.0,1.0
A01,3,08:58,15:20,Epworth,18.0,17.0,-1.0
A01,3,08:58,15:20,PSS,26.0,18.0,-8.0
A02,3,09:14,15:48,Tensão,2.0,3.0,1.0
A02,3,09:14,15:48,Depressão,0.0,0.0,0.0
A02,3,09:14,15:48,Raiva,0.0,0.0,0.0
A02,3,09:14,15:48,Vigor,7.0,7.0,0.0
A02,3,09:14,15:48,Fadiga,4.0,3.0,-1.0
A02,3,09:14,15:48,Confusão,0.0,0.0,0.0
A02,3,09:14,15:48,TMD,-1.0,-1.0,0.0
A02,3,09:14,15:48,Fad.Física,6.0,8.0,2.0
A02,3,09:14,15:48,Fad.Mental,9.0,4.0,-5.0
A02,3,09:14,15:48,Epworth,12.0,11.0,-1.0
A02,3,09:14,15:48,PSS,22.0,25.0,3.0
A04,3,09:04,15:31,Tensão,0.0,0.0,0.0
A04,3,09:04,15:31,Depressão,0.0,0.0,0.0
A04,3,09:04,15:31,Raiva,0.0,0.0,0.0
A04,3,09:04,15:31,Vigor,5.0,6.0,1.0
A04,3,09:04,15:31,Fadiga,9.0,6.0,-3.0
A04,3,09:04,15:31,Confusão,0.0,0.0,0.0
A04,3,09:04,15:31,TMD,4.0,0.0,-4.0
A04,3,09:04,15:31,Fad.Física,8.0,6.0,-2.0
A04,3,09:04,15:31,Fad.Mental,6.0,4.0,-2.0
A04,3,09:04,15:31,Epworth,18.0,18.0,0.0
A04,3,09:04,15:31,PSS,16.0,15.0,-1.0
A05,3,08:57,13:57,Tensão,1.0,1.0,0.0
A05,3,08:57,13:57,Depressão,2.0,2.0,0.0
A05,3,08:57,13:57,Raiva,8.0,6.0,-2.0
A05,3,08:57,13:57,Vigor,5.0,5.0,0.0
A05,3,08:57,13:57,Fadiga,10.0,12.0,2.0
A05,3,08:57,13:57,Confusão,3.0,0.0,-3.0
A05,3,08:57,13:57,TMD,19.0,16.0,-3.0
A05,3,08:57,13:57,Fad.Física,9.0,9.0,0.0
A05,3,08:57,13:57,Fad.Mental,8.0,7.0,-1.0
A05,3,08:57,13:57,Epworth,14.0,16.0,2.0
A05,3,08:57,13:57,PSS,22.0,22.0,0.0
A07,3,08:45,15:29,Tensão,2.0,1.0,-1.0
A07,3,08:45,15:29,Depressão,1.0,1.0,0.0
A07,3,08:45,15:29,Raiva,6.0,4.0,-2.0
A07,3,08:45,15:29,Vigor,4.0,5.0,1.0
A07,3,08:45,15:29,Fadiga,8.0,7.0,-1.0
A07,3,08:45,15:29,Confusão,0.0,0.0,0.0
A07,3,08:45,15:29,TMD,13.0,8.0,-5.0
A07,3,08:45,15:29,Fad.Física,5.0,7.0,2.0
A07,3,08:45,15:29,Fad.Mental,7.0,6.0,-1.0
A07,3,08:45,15:29,Epworth,17.0,12.0,-5.0
A07,3,08:45,15:29,PSS,23.0,26.0,3.0
A09,3,08:55,10:53,Tensão,0.0,0.0,0.0
A09,3,08:55,10:53,Depressão,0.0,0.0,0.0
A09,3,08:55,10:53,Raiva,1.0,0.0,-1.0
A09,3,08:55,10:53,Vigor,3.0,2.0,-1.0
A09,3,08:55,10:53,Fadiga,6.0,8.0,2.0
A09,3,08:55,10:53,Confusão,0.0,0.0,0.0
A09,3,08:55,10:53,TMD,4.0,6.0,2.0
A09,3,08:55,10:53,Fad.Física,7.0,8.0,1.0
A09,3,08:55,10:53,Fad.Mental,6.0,6.0,0.0
A09,3,08:55,10:53,Epworth,18.0,18.0,0.0
A09,3,08:55,10:53,PSS,19.0,19.0,0.0
A11,3,08:44,15:23,Tensão,0.0,0.0,0.0
A11,3,08:44,15:23,Depressão,0.0,0.0,0.0
A11,3,08:44,15:23,Raiva,11.0,1.0,-10.0
A11,3,08:44,15:23,Vigor,2.0,0.0,-2.0
A11,3,08:44,15:23,Fadiga,8.0,7.0,-1.0
A11,3,08:44,15:23,Confusão,0.0,0.0,0.0
A11,3,08:44,15:23,TMD,17.0,8.0,-9.0
A11,3,08:44,15:23,Fad.Física,8.0,9.0,1.0
A11,3,08:44,15:23,Fad.Mental,9.0,7.0,-2.0
A11,3,08:44,15:23,Epworth,10.0,7.0,-3.0
A11,3,08:44,15:23,PSS,25.0,26.0,1.0
A12,3,09:02,23:15,Tensão,0.0,1.0,1.0
A12,3,09:02,23:15,Depressão,0.0,0.0,0.0
A12,3,09:02,23:15,Raiva,0.0,0.0,0.0
A12,3,09:02,23:15,Vigor,6.0,3.0,-3.0
A12,3,09:02,23:15,Fadiga,5.0,10.0,5.0
A12,3,09:02,23:15,Confusão,0.0,0.0,0.0
A12,3,09:02,23:15,TMD,-1.0,8.0,9.0
A12,3,09:02,23:15,Fad.Física,6.0,8.0,2.0
A12,3,09:02,23:15,Fad.Mental,7.0,7.0,0.0
A12,3,09:02,23:15,Epworth,6.0,10.0,4.0
A12,3,09:02,23:15,PSS,30.0,27.0,-3.0
A13,3,13:52,21:13,Tensão,0.0,0.0,0.0
A13,3,13:52,21:13,Depressão,0.0,0.0,0.0
A13,3,13:52,21:13,Raiva,0.0,0.0,0.0
A13,3,13:52,21:13,Vigor,8.0,11.0,3.0
A13,3,13:52,21:13,Fadiga,0.0,2.0,2.0
A13,3,13:52,21:13,Confusão,0.0,0.0,0.0
A13,3,13:52,21:13,TMD,-8.0,-9.0,-1.0
A13,3,13:52,21:13,Fad.Física,2.0,3.0,1.0
A13,3,13:52,21:13,Fad.Mental,0.0,1.0,1.0
A13,3,13:52,21:13,Epworth,6.0,6.0,0.0
A13,3,13:52,21:13,PSS,14.0,16.0,2.0
A15,3,08:58,15:22,Tensão,0.0,0.0,0.0
A15,3,08:58,15:22,Depressão,0.0,0.0,0.0
A15,3,08:58,15:22,Raiva,6.0,0.0,-6.0
A15,3,08:58,15:22,Vigor,0.0,2.0,2.0
A15,3,08:58,15:22,Fadiga,2.0,0.0,-2.0
A15,3,08:58,15:22,Confusão,0.0,0.0,0.0
A15,3,08:58,15:22,TMD,8.0,-2.0,-10.0
A15,3,08:58,15:22,Fad.Física,4.0,8.0,4.0
A15,3,08:58,15:22,Fad.Mental,8.0,2.0,-6.0
A15,3,08:58,15:22,Epworth,9.0,9.0,0.0
A15,3,08:58,15:22,PSS,22.0,24.0,2.0
A16,3,08:48,13:52,Tensão,1.0,3.0,2.0
A16,3,08:48,13:52,Depressão,4.0,2.0,-2.0
A16,3,08:48,13:52,Raiva,2.0,2.0,0.0
A16,3,08:48,13:52,Vigor,1.0,2.0,1.0
A16,3,08:48,13:52,Fadiga,4.0,4.0,0.0
A16,3,08:48,13:52,Confusão,4.0,0.0,-4.0
A16,3,08:48,13:52,TMD,14.0,9.0,-5.0
A16,3,08:48,13:52,Fad.Física,6.0,4.0,-2.0
A16,3,08:48,13:52,Fad.Mental,4.0,5.0,1.0
A16,3,08:48,13:52,Epworth,4.0,5.0,1.0
A16,3,08:48,13:52,PSS,25.0,26.0,1.0
A17,3,08:58,21:16,Tensão,0.0,4.0,4.0
A17,3,08:58,21:16,Depressão,5.0,8.0,3.0
A17,3,08:58,21:16,Raiva,0.0,6.0,6.0
A17,3,08:58,21:16,Vigor,0.0,0.0,0.0
A17,3,08:58,21:16,Fadiga,11.0,12.0,1.0
A17,3,08:58,21:16,Confusão,3.0,2.0,-1.0
A17,3,08:58,21:16,TMD,19.0,32.0,13.0
A17,3,08:58,21:16,Fad.Física,7.0,8.0,1.0
A17,3,08:58,21:16,Fad.Mental,10.0,10.0,0.0
A17,3,08:58,21:16,Epworth,12.0,18.0,6.0
A17,3,08:58,21:16,PSS,26.0,28.0,2.0
A18,3,08:45,16:14,Tensão,2.0,1.0,-1.0
A18,3,08:45,16:14,Depressão,0.0,0.0,0.0
A18,3,08:45,16:14,Raiva,0.0,0.0,0.0
A18,3,08:45,16:14,Vigor,5.0,6.0,1.0
A18,3,08:45,16:14,Fadiga,6.0,9.0,3.0
A18,3,08:45,16:14,Confusão,0.0,0.0,0.0
A18,3,08:45,16:14,TMD,3.0,4.0,1.0
A18,3,08:45,16:14,Fad.Física,5.0,9.0,4.0
A18,3,08:45,16:14,Fad.Mental,0.0,0.0,0.0
A18,3,08:45,16:14,Epworth,5.0,7.0,2.0
A18,3,08:45,16:14,PSS,11.0,9.0,-2.0
A19,3,10:50,15:25,Tensão,2.0,2.0,0.0
A19,3,10:50,15:25,Depressão,0.0,0.0,0.0
A19,3,10:50,15:25,Raiva,0.0,0.0,0.0
A19,3,10:50,15:25,Vigor,7.0,6.0,-1.0
A19,3,10:50,15:25,Fadiga,3.0,3.0,0.0
A19,3,10:50,15:25,Confusão,0.0,0.0,0.0
A19,3,10:50,15:25,TMD,-2.0,-1.0,1.0
A19,3,10:50,15:25,Fad.Física,6.0,5.0,-1.0
A19,3,10:50,15:25,Fad.Mental,3.0,2.0,-1.0
A19,3,10:50,15:25,Epworth,11.0,13.0,2.0
A19,3,10:50,15:25,PSS,26.0,23.0,-3.0
A20,3,08:43,15:21,Tensão,0.0,0.0,0.0
A20,3,08:43,15:21,Depressão,0.0,0.0,0.0
A20,3,08:43,15:21,Raiva,2.0,0.0,-2.0
A20,3,08:43,15:21,Vigor,10.0,11.0,1.0
A20,3,08:43,15:21,Fadiga,8.0,6.0,-2.0
A20,3,08:43,15:21,Confusão,0.0,0.0,0.0
A20,3,08:43,15:21,TMD,0.0,-5.0,-5.0
A20,3,08:43,15:21,Fad.Física,6.0,5.0,-1.0
A20,3,08:43,15:21,Fad.Mental,2.0,0.0,-2.0
A20,3,08:43,15:21,Epworth,9.0,7.0,-2.0
A20,3,08:43,15:21,PSS,18.0,27.0,9.0
A21,3,09:04,15:28,Tensão,2.0,0.0,-2.0
A21,3,09:04,15:28,Depressão,0.0,1.0,1.0
A21,3,09:04,15:28,Raiva,4.0,2.0,-2.0
A21,3,09:04,15:28,Vigor,11.0,9.0,-2.0
A21,3,09:04,15:28,Fadiga,5.0,3.0,-2.0
A21,3,09:04,15:28,Confusão,0.0,0.0,0.0
A21,3,09:04,15:28,TMD,0.0,-3.0,-3.0
A21,3,09:04,15:28,Fad.Física,6.0,6.0,0.0
A21,3,09:04,15:28,Fad.Mental,4.0,4.0,0.0
A21,3,09:04,15:28,Epworth,10.0,6.0,-4.0
A21,3,09:04,15:28,PSS,27.0,28.0,1.0
A22,3,08:51,15:31,Tensão,0.0,0.0,0.0
A22,3,08:51,15:31,Depressão,0.0,0.0,0.0
A22,3,08:51,15:31,Raiva,0.0,1.0,1.0
A22,3,08:51,15:31,Vigor,7.0,5.0,-2.0
A22,3,08:51,15:31,Fadiga,3.0,3.0,0.0
A22,3,08:51,15:31,Confusão,0.0,0.0,0.0
A22,3,08:51,15:31,TMD,-4.0,-1.0,3.0
A22,3,08:51,15:31,Fad.Física,4.0,7.0,3.0
A22,3,08:51,15:31,Fad.Mental,1.0,2.0,1.0
A22,3,08:51,15:31,Epworth,8.0,1.0,-7.0
A22,3,08:51,15:31,PSS,22.0,21.0,-1.0
A23,3,08:45,14:04,Tensão,1.0,2.0,1.0
A23,3,08:45,14:04,Depressão,0.0,0.0,0.0
A23,3,08:45,14:04,Raiva,0.0,0.0,0.0
A23,3,08:45,14:04,Vigor,4.0,4.0,0.0
A23,3,08:45,14:04,Fadiga,0.0,0.0,0.0
A23,3,08:45,14:04,Confusão,0.0,0.0,0.0
A23,3,08:45,14:04,TMD,-3.0,-2.0,1.0
A23,3,08:45,14:04,Fad.Física,3.0,2.0,-1.0
A23,3,08:45,14:04,Fad.Mental,1.0,1.0,0.0
A23,3,08:45,14:04,Epworth,5.0,7.0,2.0
A23,3,08:45,14:04,PSS,19.0,21.0,2.0
A24,3,08:55,15:25,Tensão,0.0,0.0,0.0
A24,3,08:55,15:25,Depressão,0.0,1.0,1.0
A24,3,08:55,15:25,Raiva,0.0,4.0,4.0
A24,3,08:55,15:25,Vigor,9.0,3.0,-6.0
A24,3,08:55,15:25,Fadiga,4.0,13.0,9.0
A24,3,08:55,15:25,Confusão,0.0,0.0,0.0
A24,3,08:55,15:25,TMD,-5.0,15.0,20.0
A24,3,08:55,15:25,Fad.Física,6.0,9.0,3.0
A24,3,08:55,15:25,Fad.Mental,3.0,8.0,5.0
A24,3,08:55,15:25,Epworth,3.0,18.0,15.0
A24,3,08:55,15:25,PSS,17.0,20.0,3.0
A25,3,14:05,15:26,Tensão,0.0,0.0,0.0
A25,3,14:05,15:26,Depressão,0.0,0.0,0.0
A25,3,14:05,15:26,Raiva,0.0,1.0,1.0
A25,3,14:05,15:26,Vigor,0.0,0.0,0.0
A25,3,14:05,15:26,Fadiga,6.0,8.0,2.0
A25,3,14:05,15:26,Confusão,0.0,0.0,0.0
A25,3,14:05,15:26,TMD,6.0,9.0,3.0
A25,3,14:05,15:26,Fad.Física,6.0,8.0,2.0
A25,3,14:05,15:26,Fad.Mental,6.0,7.0,1.0
A25,3,14:05,15:26,Epworth,15.0,15.0,0.0
A25,3,14:05,15:26,PSS,14.0,13.0,-1.0
A26,3,08:43,20:49,Tensão,1.0,2.0,1.0
A26,3,08:43,20:49,Depressão,0.0,0.0,0.0
A26,3,08:43,20:49,Raiva,0.0,0.0,0.0
A26,3,08:43,20:49,Vigor,11.0,10.0,-1.0
A26,3,08:43,20:49,Fadiga,2.0,4.0,2.0
A26,3,08:43,20:49,Confusão,0.0,0.0,0.0
A26,3,08:43,20:49,TMD,-8.0,-4.0,4.0
A26,3,08:43,20:49,Fad.Física,3.0,3.0,0.0
A26,3,08:43,20:49,Fad.Mental,2.0,2.0,0.0
A26,3,08:43,20:49,Epworth,0.0,0.0,0.0
A26,3,08:43,20:49,PSS,23.0,21.0,-2.0
A01,4,14:05,15:59,Tensão,6.0,6.0,0.0
A01,4,14:05,15:59,Depressão,2.0,1.0,-1.0
A01,4,14:05,15:59,Raiva,4.0,3.0,-1.0
A01,4,14:05,15:59,Vigor,6.0,6.0,0.0
A01,4,14:05,15:59,Fadiga,5.0,4.0,-1.0
A01,4,14:05,15:59,Confusão,0.0,2.0,2.0
A01,4,14:05,15:59,TMD,11.0,10.0,-1.0
A01,4,14:05,15:59,Fad.Física,3.0,5.0,2.0
A01,4,14:05,15:59,Fad.Mental,6.0,4.0,-2.0
A01,4,14:05,15:59,Epworth,15.0,14.0,-1.0
A01,4,14:05,15:59,PSS,25.0,21.0,-4.0
A02,4,14:00,19:25,Tensão,3.0,4.0,1.0
A02,4,14:00,19:25,Depressão,0.0,0.0,0.0
A02,4,14:00,19:25,Raiva,0.0,0.0,0.0
A02,4,14:00,19:25,Vigor,8.0,7.0,-1.0
A02,4,14:00,19:25,Fadiga,0.0,3.0,3.0
A02,4,14:00,19:25,Confusão,0.0,0.0,0.0
A02,4,14:00,19:25,TMD,-5.0,0.0,5.0
A02,4,14:00,19:25,Fad.Física,5.0,7.0,2.0
A02,4,14:00,19:25,Fad.Mental,3.0,7.0,4.0
A02,4,14:00,19:25,Epworth,10.0,11.0,1.0
A02,4,14:00,19:25,PSS,24.0,19.0,-5.0
A05,4,08:26,15:36,Tensão,1.0,0.0,-1.0
A05,4,08:26,15:36,Depressão,3.0,1.0,-2.0
A05,4,08:26,15:36,Raiva,7.0,5.0,-2.0
A05,4,08:26,15:36,Vigor,1.0,2.0,1.0
A05,4,08:26,15:36,Fadiga,14.0,14.0,0.0
A05,4,08:26,15:36,Confusão,0.0,1.0,1.0
A05,4,08:26,15:36,TMD,24.0,19.0,-5.0
A05,4,08:26,15:36,Fad.Física,10.0,10.0,0.0
A05,4,08:26,15:36,Fad.Mental,9.0,8.0,-1.0
A05,4,08:26,15:36,Epworth,16.0,16.0,0.0
A05,4,08:26,15:36,PSS,22.0,21.0,-1.0
A07,4,13:19,19:40,Tensão,2.0,2.0,0.0
A07,4,13:19,19:40,Depressão,0.0,0.0,0.0
A07,4,13:19,19:40,Raiva,2.0,0.0,-2.0
A07,4,13:19,19:40,Vigor,5.0,1.0,-4.0
A07,4,13:19,19:40,Fadiga,9.0,8.0,-1.0
A07,4,13:19,19:40,Confusão,0.0,0.0,0.0
A07,4,13:19,19:40,TMD,8.0,9.0,1.0
A07,4,13:19,19:40,Fad.Física,6.0,8.0,2.0
A07,4,13:19,19:40,Fad.Mental,8.0,7.0,-1.0
A07,4,13:19,19:40,Epworth,18.0,12.0,-6.0
A07,4,13:19,19:40,PSS,24.0,24.0,0.0
A10,4,09:18,14:09,Tensão,0.0,1.0,1.0
A10,4,09:18,14:09,Depressão,0.0,0.0,0.0
A10,4,09:18,14:09,Raiva,2.0,2.0,0.0
A10,4,09:18,14:09,Vigor,2.0,6.0,4.0
A10,4,09:18,14:09,Fadiga,6.0,4.0,-2.0
A10,4,09:18,14:09,Confusão,0.0,0.0,0.0
A10,4,09:18,14:09,TMD,6.0,1.0,-5.0
A10,4,09:18,14:09,Fad.Física,5.0,7.0,2.0
A10,4,09:18,14:09,Fad.Mental,7.0,5.0,-2.0
A10,4,09:18,14:09,Epworth,11.0,13.0,2.0
A10,4,09:18,14:09,PSS,27.0,26.0,-1.0
A11,4,14:03,16:12,Tensão,0.0,0.0,0.0
A11,4,14:03,16:12,Depressão,0.0,0.0,0.0
A11,4,14:03,16:12,Raiva,0.0,0.0,0.0
A11,4,14:03,16:12,Vigor,3.0,2.0,-1.0
A11,4,14:03,16:12,Fadiga,3.0,4.0,1.0
A11,4,14:03,16:12,Confusão,0.0,0.0,0.0
A11,4,14:03,16:12,TMD,0.0,2.0,2.0
A11,4,14:03,16:12,Fad.Física,7.0,9.0,2.0
A11,4,14:03,16:12,Fad.Mental,3.0,5.0,2.0
A11,4,14:03,16:12,Epworth,10.0,10.0,0.0
A11,4,14:03,16:12,PSS,27.0,28.0,1.0
A12,4,14:05,20:44,Tensão,0.0,0.0,0.0
A12,4,14:05,20:44,Depressão,0.0,0.0,0.0
A12,4,14:05,20:44,Raiva,0.0,0.0,0.0
A12,4,14:05,20:44,Vigor,6.0,6.0,0.0
A12,4,14:05,20:44,Fadiga,11.0,6.0,-5.0
A12,4,14:05,20:44,Confusão,0.0,0.0,0.0
A12,4,14:05,20:44,TMD,5.0,0.0,-5.0
A12,4,14:05,20:44,Fad.Física,7.0,6.0,-1.0
A12,4,14:05,20:44,Fad.Mental,9.0,7.0,-2.0
A12,4,14:05,20:44,Epworth,18.0,12.0,-6.0
A12,4,14:05,20:44,PSS,24.0,28.0,4.0
A13,4,09:20,19:29,Tensão,0.0,0.0,0.0
A13,4,09:20,19:29,Depressão,0.0,0.0,0.0
A13,4,09:20,19:29,Raiva,0.0,5.0,5.0
A13,4,09:20,19:29,Vigor,8.0,8.0,0.0
A13,4,09:20,19:29,Fadiga,4.0,7.0,3.0
A13,4,09:20,19:29,Confusão,0.0,0.0,0.0
A13,4,09:20,19:29,TMD,-4.0,4.0,8.0
A13,4,09:20,19:29,Fad.Física,5.0,8.0,3.0
A13,4,09:20,19:29,Fad.Mental,1.0,3.0,2.0
A13,4,09:20,19:29,Epworth,8.0,18.0,10.0
A13,4,09:20,19:29,PSS,14.0,21.0,7.0
A15,4,14:11,19:28,Tensão,0.0,4.0,4.0
A15,4,14:11,19:28,Depressão,0.0,0.0,0.0
A15,4,14:11,19:28,Raiva,0.0,0.0,0.0
A15,4,14:11,19:28,Vigor,2.0,0.0,-2.0
A15,4,14:11,19:28,Fadiga,0.0,0.0,0.0
A15,4,14:11,19:28,Confusão,0.0,0.0,0.0
A15,4,14:11,19:28,TMD,-2.0,4.0,6.0
A15,4,14:11,19:28,Fad.Física,6.0,5.0,-1.0
A15,4,14:11,19:28,Fad.Mental,3.0,3.0,0.0
A15,4,14:11,19:28,Epworth,9.0,9.0,0.0
A15,4,14:11,19:28,PSS,24.0,24.0,0.0
A16,4,13:17,15:05,Tensão,2.0,1.0,-1.0
A16,4,13:17,15:05,Depressão,6.0,2.0,-4.0
A16,4,13:17,15:05,Raiva,2.0,4.0,2.0
A16,4,13:17,15:05,Vigor,3.0,4.0,1.0
A16,4,13:17,15:05,Fadiga,4.0,4.0,0.0
A16,4,13:17,15:05,Confusão,2.0,3.0,1.0
A16,4,13:17,15:05,TMD,13.0,10.0,-3.0
A16,4,13:17,15:05,Fad.Física,6.0,6.0,0.0
A16,4,13:17,15:05,Fad.Mental,3.0,6.0,3.0
A16,4,13:17,15:05,Epworth,4.0,4.0,0.0
A16,4,13:17,15:05,PSS,27.0,28.0,1.0
A17,4,09:21,15:17,Tensão,0.0,4.0,4.0
A17,4,09:21,15:17,Depressão,13.0,14.0,1.0
A17,4,09:21,15:17,Raiva,2.0,12.0,10.0
A17,4,09:21,15:17,Vigor,0.0,0.0,0.0
A17,4,09:21,15:17,Fadiga,14.0,16.0,2.0
A17,4,09:21,15:17,Confusão,1.0,0.0,-1.0
A17,4,09:21,15:17,TMD,30.0,46.0,16.0
A17,4,09:21,15:17,Fad.Física,10.0,10.0,0.0
A17,4,09:21,15:17,Fad.Mental,10.0,10.0,0.0
A17,4,09:21,15:17,Epworth,18.0,12.0,-6.0
A17,4,09:21,15:17,PSS,19.0,26.0,7.0
A19,4,09:21,21:49,Tensão,2.0,2.0,0.0
A19,4,09:21,21:49,Depressão,0.0,0.0,0.0
A19,4,09:21,21:49,Raiva,0.0,0.0,0.0
A19,4,09:21,21:49,Vigor,7.0,6.0,-1.0
A19,4,09:21,21:49,Fadiga,4.0,6.0,2.0
A19,4,09:21,21:49,Confusão,0.0,0.0,0.0
A19,4,09:21,21:49,TMD,-1.0,2.0,3.0
A19,4,09:21,21:49,Fad.Física,5.0,7.0,2.0
A19,4,09:21,21:49,Fad.Mental,3.0,4.0,1.0
A19,4,09:21,21:49,Epworth,11.0,9.0,-2.0
A19,4,09:21,21:49,PSS,25.0,19.0,-6.0
A20,4,14:10,15:59,Tensão,1.0,0.0,-1.0
A20,4,14:10,15:59,Depressão,0.0,0.0,0.0
A20,4,14:10,15:59,Raiva,0.0,1.0,1.0
A20,4,14:10,15:59,Vigor,10.0,10.0,0.0
A20,4,14:10,15:59,Fadiga,2.0,6.0,4.0
A20,4,14:10,15:59,Confusão,0.0,0.0,0.0
A20,4,14:10,15:59,TMD,-7.0,-3.0,4.0
A20,4,14:10,15:59,Fad.Física,4.0,5.0,1.0
A20,4,14:10,15:59,Fad.Mental,1.0,1.0,0.0
A20,4,14:10,15:59,Epworth,8.0,11.0,3.0
A20,4,14:10,15:59,PSS,19.0,23.0,4.0
A21,4,15:08,16:01,Tensão,1.0,2.0,1.0
A21,4,15:08,16:01,Depressão,0.0,1.0,1.0
A21,4,15:08,16:01,Raiva,1.0,3.0,2.0
A21,4,15:08,16:01,Vigor,13.0,8.0,-5.0
A21,4,15:08,16:01,Fadiga,9.0,4.0,-5.0
A21,4,15:08,16:01,Confusão,0.0,0.0,0.0
A21,4,15:08,16:01,TMD,-2.0,2.0,4.0
A21,4,15:08,16:01,Fad.Física,7.0,7.0,0.0
A21,4,15:08,16:01,Fad.Mental,6.0,5.0,-1.0
A21,4,15:08,16:01,Epworth,8.0,6.0,-2.0
A21,4,15:08,16:01,PSS,22.0,24.0,2.0
A22,4,14:18,19:48,Tensão,0.0,0.0,0.0
A22,4,14:18,19:48,Depressão,0.0,0.0,0.0
A22,4,14:18,19:48,Raiva,0.0,1.0,1.0
A22,4,14:18,19:48,Vigor,6.0,3.0,-3.0
A22,4,14:18,19:48,Fadiga,3.0,7.0,4.0
A22,4,14:18,19:48,Confusão,0.0,0.0,0.0
A22,4,14:18,19:48,TMD,-3.0,5.0,8.0
A22,4,14:18,19:48,Fad.Física,4.0,8.0,4.0
A22,4,14:18,19:48,Fad.Mental,1.0,2.0,1.0
A22,4,14:18,19:48,Epworth,3.0,2.0,-1.0
A22,4,14:18,19:48,PSS,22.0,23.0,1.0
A24,4,14:09,18:07,Tensão,0.0,0.0,0.0
A24,4,14:09,18:07,Depressão,0.0,0.0,0.0
A24,4,14:09,18:07,Raiva,0.0,0.0,0.0
A24,4,14:09,18:07,Vigor,9.0,4.0,-5.0
A24,4,14:09,18:07,Fadiga,0.0,8.0,8.0
A24,4,14:09,18:07,Confusão,0.0,0.0,0.0
A24,4,14:09,18:07,TMD,-9.0,4.0,13.0
A24,4,14:09,18:07,Fad.Física,4.0,8.0,4.0
A24,4,14:09,18:07,Fad.Mental,3.0,6.0,3.0
A24,4,14:09,18:07,Epworth,1.0,12.0,11.0
A24,4,14:09,18:07,PSS,22.0,21.0,-1.0
A26,4,09:20,16:03,Tensão,0.0,5.0,5.0
A26,4,09:20,16:03,Depressão,0.0,1.0,1.0
A26,4,09:20,16:03,Raiva,0.0,3.0,3.0
A26,4,09:20,16:03,Vigor,6.0,10.0,4.0
A26,4,09:20,16:03,Fadiga,7.0,12.0,5.0
A26,4,09:20,16:03,Confusão,0.0,6.0,6.0
A26,4,09:20,16:03,TMD,1.0,17.0,16.0
A26,4,09:20,16:03,Fad.Física,6.0,10.0,4.0
A26,4,09:20,16:03,Fad.Mental,4.0,10.0,6.0
A26,4,09:20,16:03,Epworth,0.0,0.0,0.0
A26,4,09:20,16:03,PSS,23.0,30.0,7.0
A27,4,14:20,20:15,Tensão,3.0,3.0,0.0
A27,4,14:20,20:15,Depressão,2.0,1.0,-1.0
A27,4,14:20,20:15,Raiva,0.0,2.0,2.0
A27,4,14:20,20:15,Vigor,8.0,6.0,-2.0
A27,4,14:20,20:15,Fadiga,0.0,2.0,2.0
A27,4,14:20,20:15,Confusão,1.0,0.0,-1.0
A27,4,14:20,20:15,TMD,-2.0,2.0,4.0
A27,4,14:20,20:15,Fad.Física,1.0,7.0,6.0
A27,4,14:20,20:15,Fad.Mental,0.0,4.0,4.0
A27,4,14:20,20:15,Epworth,13.0,14.0,1.0
A27,4,14:20,20:15,PSS,23.0,20.0,-3.0
A01,5,09:28,16:27,Tensão,7.0,4.0,-3.0
A01,5,09:28,16:27,Depressão,1.0,0.0,-1.0
A01,5,09:28,16:27,Raiva,6.0,2.0,-4.0
A01,5,09:28,16:27,Vigor,5.0,6.0,1.0
A01,5,09:28,16:27,Fadiga,6.0,3.0,-3.0
A01,5,09:28,16:27,Confusão,2.0,0.0,-2.0
A01,5,09:28,16:27,TMD,17.0,3.0,-14.0
A01,5,09:28,16:27,Fad.Física,3.0,3.0,0.0
A01,5,09:28,16:27,Fad.Mental,6.0,3.0,-3.0
A01,5,09:28,16:27,Epworth,17.0,12.0,-5.0
A01,5,09:28,16:27,PSS,26.0,20.0,-6.0
A02,5,09:45,22:38,Tensão,3.0,3.0,0.0
A02,5,09:45,22:38,Depressão,0.0,0.0,0.0
A02,5,09:45,22:38,Raiva,0.0,1.0,1.0
A02,5,09:45,22:38,Vigor,9.0,5.0,-4.0
A02,5,09:45,22:38,Fadiga,2.0,3.0,1.0
A02,5,09:45,22:38,Confusão,0.0,0.0,0.0
A02,5,09:45,22:38,TMD,-4.0,2.0,6.0
A02,5,09:45,22:38,Fad.Física,7.0,7.0,0.0
A02,5,09:45,22:38,Fad.Mental,5.0,5.0,0.0
A02,5,09:45,22:38,Epworth,9.0,14.0,5.0
A02,5,09:45,22:38,PSS,20.0,24.0,4.0
A03,5,09:29,14:04,Tensão,1.0,1.0,0.0
A03,5,09:29,14:04,Depressão,0.0,0.0,0.0
A03,5,09:29,14:04,Raiva,0.0,0.0,0.0
A03,5,09:29,14:04,Vigor,8.0,6.0,-2.0
A03,5,09:29,14:04,Fadiga,2.0,2.0,0.0
A03,5,09:29,14:04,Confusão,0.0,0.0,0.0
A03,5,09:29,14:04,TMD,-5.0,-3.0,2.0
A03,5,09:29,14:04,Fad.Física,5.0,6.0,1.0
A03,5,09:29,14:04,Fad.Mental,8.0,7.0,-1.0
A03,5,09:29,14:04,Epworth,0.0,0.0,0.0
A03,5,09:29,14:04,PSS,9.0,12.0,3.0
A04,5,09:16,20:03,Tensão,0.0,0.0,0.0
A04,5,09:16,20:03,Depressão,0.0,0.0,0.0
A04,5,09:16,20:03,Raiva,0.0,0.0,0.0
A04,5,09:16,20:03,Vigor,5.0,7.0,2.0
A04,5,09:16,20:03,Fadiga,6.0,9.0,3.0
A04,5,09:16,20:03,Confusão,0.0,0.0,0.0
A04,5,09:16,20:03,TMD,1.0,2.0,1.0
A04,5,09:16,20:03,Fad.Física,7.0,8.0,1.0
A04,5,09:16,20:03,Fad.Mental,4.0,4.0,0.0
A04,5,09:16,20:03,Epworth,18.0,18.0,0.0
A04,5,09:16,20:03,PSS,14.0,14.0,0.0
A07,5,09:17,18:15,Tensão,2.0,4.0,2.0
A07,5,09:17,18:15,Depressão,1.0,0.0,-1.0
A07,5,09:17,18:15,Raiva,0.0,0.0,0.0
A07,5,09:17,18:15,Vigor,3.0,7.0,4.0
A07,5,09:17,18:15,Fadiga,10.0,8.0,-2.0
A07,5,09:17,18:15,Confusão,0.0,0.0,0.0
A07,5,09:17,18:15,TMD,10.0,5.0,-5.0
A07,5,09:17,18:15,Fad.Física,6.0,9.0,3.0
A07,5,09:17,18:15,Fad.Mental,6.0,8.0,2.0
A07,5,09:17,18:15,Epworth,18.0,5.0,-13.0
A07,5,09:17,18:15,PSS,24.0,24.0,0.0
A10,5,14:00,16:09,Tensão,2.0,1.0,-1.0
A10,5,14:00,16:09,Depressão,0.0,0.0,0.0
A10,5,14:00,16:09,Raiva,0.0,0.0,0.0
A10,5,14:00,16:09,Vigor,7.0,6.0,-1.0
A10,5,14:00,16:09,Fadiga,1.0,2.0,1.0
A10,5,14:00,16:09,Confusão,0.0,0.0,0.0
A10,5,14:00,16:09,TMD,-4.0,-3.0,1.0
A10,5,14:00,16:09,Fad.Física,3.0,2.0,-1.0
A10,5,14:00,16:09,Fad.Mental,2.0,2.0,0.0
A10,5,14:00,16:09,Epworth,14.0,13.0,-1.0
A10,5,14:00,16:09,PSS,26.0,23.0,-3.0
A11,5,09:11,16:31,Tensão,0.0,0.0,0.0
A11,5,09:11,16:31,Depressão,0.0,0.0,0.0
A11,5,09:11,16:31,Raiva,0.0,0.0,0.0
A11,5,09:11,16:31,Vigor,4.0,0.0,-4.0
A11,5,09:11,16:31,Fadiga,3.0,5.0,2.0
A11,5,09:11,16:31,Confusão,0.0,0.0,0.0
A11,5,09:11,16:31,TMD,-1.0,5.0,6.0
A11,5,09:11,16:31,Fad.Física,3.0,9.0,6.0
A11,5,09:11,16:31,Fad.Mental,2.0,7.0,5.0
A11,5,09:11,16:31,Epworth,9.0,9.0,0.0
A11,5,09:11,16:31,PSS,26.0,23.0,-3.0
A12,5,13:48,16:12,Tensão,0.0,0.0,0.0
A12,5,13:48,16:12,Depressão,1.0,1.0,0.0
A12,5,13:48,16:12,Raiva,0.0,1.0,1.0
A12,5,13:48,16:12,Vigor,6.0,6.0,0.0
A12,5,13:48,16:12,Fadiga,8.0,10.0,2.0
A12,5,13:48,16:12,Confusão,0.0,0.0,0.0
A12,5,13:48,16:12,TMD,3.0,6.0,3.0
A12,5,13:48,16:12,Fad.Física,7.0,8.0,1.0
A12,5,13:48,16:12,Fad.Mental,6.0,7.0,1.0
A12,5,13:48,16:12,Epworth,15.0,18.0,3.0
A12,5,13:48,16:12,PSS,18.0,31.0,13.0
A13,5,09:27,18:18,Tensão,0.0,0.0,0.0
A13,5,09:27,18:18,Depressão,0.0,0.0,0.0
A13,5,09:27,18:18,Raiva,0.0,0.0,0.0
A13,5,09:27,18:18,Vigor,7.0,7.0,0.0
A13,5,09:27,18:18,Fadiga,4.0,7.0,3.0
A13,5,09:27,18:18,Confusão,0.0,0.0,0.0
A13,5,09:27,18:18,TMD,-3.0,0.0,3.0
A13,5,09:27,18:18,Fad.Física,3.0,7.0,4.0
A13,5,09:27,18:18,Fad.Mental,1.0,1.0,0.0
A13,5,09:27,18:18,Epworth,13.0,18.0,5.0
A13,5,09:27,18:18,PSS,16.0,15.0,-1.0
A17,5,13:45,15:30,Tensão,4.0,2.0,-2.0
A17,5,13:45,15:30,Depressão,7.0,11.0,4.0
A17,5,13:45,15:30,Raiva,1.0,2.0,1.0
A17,5,13:45,15:30,Vigor,5.0,4.0,-1.0
A17,5,13:45,15:30,Fadiga,12.0,14.0,2.0
A17,5,13:45,15:30,Confusão,2.0,2.0,0.0
A17,5,13:45,15:30,TMD,21.0,27.0,6.0
A17,5,13:45,15:30,Fad.Física,4.0,4.0,0.0
A17,5,13:45,15:30,Fad.Mental,10.0,10.0,0.0
A17,5,13:45,15:30,Epworth,11.0,12.0,1.0
A17,5,13:45,15:30,PSS,20.0,30.0,10.0
A18,5,08:50,15:34,Tensão,1.0,1.0,0.0
A18,5,08:50,15:34,Depressão,0.0,0.0,0.0
A18,5,08:50,15:34,Raiva,0.0,0.0,0.0
A18,5,08:50,15:34,Vigor,4.0,5.0,1.0
A18,5,08:50,15:34,Fadiga,11.0,11.0,0.0
A18,5,08:50,15:34,Confusão,0.0,0.0,0.0
A18,5,08:50,15:34,TMD,8.0,7.0,-1.0
A18,5,08:50,15:34,Fad.Física,9.0,9.0,0.0
A18,5,08:50,15:34,Fad.Mental,0.0,0.0,0.0
A18,5,08:50,15:34,Epworth,6.0,6.0,0.0
A18,5,08:50,15:34,PSS,15.0,12.0,-3.0
A19,5,09:13,14:03,Tensão,2.0,1.0,-1.0
A19,5,09:13,14:03,Depressão,0.0,0.0,0.0
A19,5,09:13,14:03,Raiva,0.0,0.0,0.0
A19,5,09:13,14:03,Vigor,7.0,7.0,0.0
A19,5,09:13,14:03,Fadiga,5.0,5.0,0.0
A19,5,09:13,14:03,Confusão,2.0,0.0,-2.0
A19,5,09:13,14:03,TMD,2.0,-1.0,-3.0
A19,5,09:13,14:03,Fad.Física,6.0,6.0,0.0
A19,5,09:13,14:03,Fad.Mental,3.0,3.0,0.0
A19,5,09:13,14:03,Epworth,11.0,12.0,1.0
A19,5,09:13,14:03,PSS,20.0,20.0,0.0
A20,5,09:35,15:31,Tensão,0.0,0.0,0.0
A20,5,09:35,15:31,Depressão,0.0,0.0,0.0
A20,5,09:35,15:31,Raiva,0.0,0.0,0.0
A20,5,09:35,15:31,Vigor,8.0,10.0,2.0
A20,5,09:35,15:31,Fadiga,2.0,4.0,2.0
A20,5,09:35,15:31,Confusão,0.0,0.0,0.0
A20,5,09:35,15:31,TMD,-6.0,-6.0,0.0
A20,5,09:35,15:31,Fad.Física,6.0,6.0,0.0
A20,5,09:35,15:31,Fad.Mental,1.0,6.0,5.0
A20,5,09:35,15:31,Epworth,10.0,8.0,-2.0
A20,5,09:35,15:31,PSS,21.0,12.0,-9.0
A21,5,09:13,15:17,Tensão,1.0,2.0,1.0
A21,5,09:13,15:17,Depressão,1.0,1.0,0.0
A21,5,09:13,15:17,Raiva,2.0,2.0,0.0
A21,5,09:13,15:17,Vigor,11.0,10.0,-1.0
A21,5,09:13,15:17,Fadiga,5.0,3.0,-2.0
A21,5,09:13,15:17,Confusão,0.0,0.0,0.0
A21,5,09:13,15:17,TMD,-2.0,-2.0,0.0
A21,5,09:13,15:17,Fad.Física,4.0,7.0,3.0
A21,5,09:13,15:17,Fad.Mental,6.0,5.0,-1.0
A21,5,09:13,15:17,Epworth,10.0,10.0,0.0
A21,5,09:13,15:17,PSS,23.0,19.0,-4.0
A22,5,09:28,16:32,Tensão,0.0,0.0,0.0
A22,5,09:28,16:32,Depressão,0.0,0.0,0.0
A22,5,09:28,16:32,Raiva,0.0,2.0,2.0
A22,5,09:28,16:32,Vigor,7.0,5.0,-2.0
A22,5,09:28,16:32,Fadiga,2.0,3.0,1.0
A22,5,09:28,16:32,Confusão,0.0,0.0,0.0
A22,5,09:28,16:32,TMD,-5.0,0.0,5.0
A22,5,09:28,16:32,Fad.Física,4.0,6.0,2.0
A22,5,09:28,16:32,Fad.Mental,2.0,3.0,1.0
A22,5,09:28,16:32,Epworth,11.0,2.0,-9.0
A22,5,09:28,16:32,PSS,24.0,22.0,-2.0
A23,5,09:19,14:11,Tensão,0.0,0.0,0.0
A23,5,09:19,14:11,Depressão,0.0,0.0,0.0
A23,5,09:19,14:11,Raiva,0.0,0.0,0.0
A23,5,09:19,14:11,Vigor,3.0,5.0,2.0
A23,5,09:19,14:11,Fadiga,0.0,0.0,0.0
A23,5,09:19,14:11,Confusão,0.0,0.0,0.0
A23,5,09:19,14:11,TMD,-3.0,-5.0,-2.0
A23,5,09:19,14:11,Fad.Física,1.0,2.0,1.0
A23,5,09:19,14:11,Fad.Mental,0.0,0.0,0.0
A23,5,09:19,14:11,Epworth,11.0,8.0,-3.0
A23,5,09:19,14:11,PSS,27.0,21.0,-6.0
A24,5,09:28,18:35,Tensão,0.0,0.0,0.0
A24,5,09:28,18:35,Depressão,0.0,0.0,0.0
A24,5,09:28,18:35,Raiva,0.0,0.0,0.0
A24,5,09:28,18:35,Vigor,11.0,4.0,-7.0
A24,5,09:28,18:35,Fadiga,1.0,12.0,11.0
A24,5,09:28,18:35,Confusão,0.0,0.0,0.0
A24,5,09:28,18:35,TMD,-10.0,8.0,18.0
A24,5,09:28,18:35,Fad.Física,5.0,10.0,5.0
A24,5,09:28,18:35,Fad.Mental,7.0,5.0,-2.0
A24,5,09:28,18:35,Epworth,6.0,18.0,12.0
A24,5,09:28,18:35,PSS,19.0,22.0,3.0
A26,5,13:39,18:16,Tensão,1.0,2.0,1.0
A26,5,13:39,18:16,Depressão,1.0,0.0,-1.0
A26,5,13:39,18:16,Raiva,1.0,0.0,-1.0
A26,5,13:39,18:16,Vigor,6.0,9.0,3.0
A26,5,13:39,18:16,Fadiga,4.0,3.0,-1.0
A26,5,13:39,18:16,Confusão,0.0,0.0,0.0
A26,5,13:39,18:16,TMD,1.0,-4.0,-5.0
A26,5,13:39,18:16,Fad.Física,5.0,4.0,-1.0
A26,5,13:39,18:16,Fad.Mental,3.0,1.0,-2.0
A26,5,13:39,18:16,Epworth,0.0,0.0,0.0
A26,5,13:39,18:16,PSS,20.0,21.0,1.0
A27,5,13:49,16:10,Tensão,2.0,2.0,0.0
A27,5,13:49,16:10,Depressão,0.0,1.0,1.0
A27,5,13:49,16:10,Raiva,0.0,0.0,0.0
A27,5,13:49,16:10,Vigor,9.0,8.0,-1.0
A27,5,13:49,16:10,Fadiga,1.0,2.0,1.0
A27,5,13:49,16:10,Confusão,1.0,0.0,-1.0
A27,5,13:49,16:10,TMD,-5.0,-3.0,2.0
A27,5,13:49,16:10,Fad.Física,2.0,3.0,1.0
A27,5,13:49,16:10,Fad.Mental,1.0,1.0,0.0
A27,5,13:49,16:10,Epworth,13.0,13.0,0.0
A27,5,13:49,16:10,PSS,20.0,21.0,1.0
A01,6,14:05,15:53,Tensão,7.0,7.0,0.0
A01,6,14:05,15:53,Depressão,0.0,0.0,0.0
A01,6,14:05,15:53,Raiva,0.0,0.0,0.0
A01,6,14:05,15:53,Vigor,9.0,8.0,-1.0
A01,6,14:05,15:53,Fadiga,2.0,3.0,1.0
A01,6,14:05,15:53,Confusão,0.0,0.0,0.0
A01,6,14:05,15:53,TMD,0.0,2.0,2.0
A01,6,14:05,15:53,Fad.Física,1.0,2.0,1.0
A01,6,14:05,15:53,Fad.Mental,3.0,2.0,-1.0
A01,6,14:05,15:53,Epworth,12.0,14.0,2.0
A01,6,14:05,15:53,PSS,18.0,20.0,2.0
A02,6,13:45,15:21,Tensão,3.0,3.0,0.0
A02,6,13:45,15:21,Depressão,0.0,0.0,0.0
A02,6,13:45,15:21,Raiva,0.0,0.0,0.0
A02,6,13:45,15:21,Vigor,9.0,6.0,-3.0
A02,6,13:45,15:21,Fadiga,1.0,1.0,0.0
A02,6,13:45,15:21,Confusão,0.0,0.0,0.0
A02,6,13:45,15:21,TMD,-5.0,-2.0,3.0
A02,6,13:45,15:21,Fad.Física,6.0,7.0,1.0
A02,6,13:45,15:21,Fad.Mental,4.0,5.0,1.0
A02,6,13:45,15:21,Epworth,9.0,11.0,2.0
A02,6,13:45,15:21,PSS,19.0,19.0,0.0
A04,6,09:46,15:26,Tensão,0.0,0.0,0.0
A04,6,09:46,15:26,Depressão,0.0,0.0,0.0
A04,6,09:46,15:26,Raiva,0.0,0.0,0.0
A04,6,09:46,15:26,Vigor,6.0,6.0,0.0
A04,6,09:46,15:26,Fadiga,10.0,7.0,-3.0
A04,6,09:46,15:26,Confusão,0.0,0.0,0.0
A04,6,09:46,15:26,TMD,4.0,1.0,-3.0
A04,6,09:46,15:26,Fad.Física,8.0,7.0,-1.0
A04,6,09:46,15:26,Fad.Mental,4.0,3.0,-1.0
A04,6,09:46,15:26,Epworth,18.0,18.0,0.0
A04,6,09:46,15:26,PSS,15.0,15.0,0.0
A05,6,13:55,15:38,Tensão,0.0,0.0,0.0
A05,6,13:55,15:38,Depressão,0.0,3.0,3.0
A05,6,13:55,15:38,Raiva,4.0,9.0,5.0
A05,6,13:55,15:38,Vigor,3.0,0.0,-3.0
A05,6,13:55,15:38,Fadiga,13.0,15.0,2.0
A05,6,13:55,15:38,Confusão,1.0,2.0,1.0
A05,6,13:55,15:38,TMD,15.0,29.0,14.0
A05,6,13:55,15:38,Fad.Física,9.0,10.0,1.0
A05,6,13:55,15:38,Fad.Mental,9.0,10.0,1.0
A05,6,13:55,15:38,Epworth,16.0,10.0,-6.0
A05,6,13:55,15:38,PSS,22.0,21.0,-1.0
A07,6,13:41,17:24,Tensão,2.0,5.0,3.0
A07,6,13:41,17:24,Depressão,3.0,3.0,0.0
A07,6,13:41,17:24,Raiva,6.0,6.0,0.0
A07,6,13:41,17:24,Vigor,7.0,4.0,-3.0
A07,6,13:41,17:24,Fadiga,13.0,10.0,-3.0
A07,6,13:41,17:24,Confusão,0.0,5.0,5.0
A07,6,13:41,17:24,TMD,17.0,25.0,8.0
A07,6,13:41,17:24,Fad.Física,8.0,8.0,0.0
A07,6,13:41,17:24,Fad.Mental,9.0,9.0,0.0
A07,6,13:41,17:24,Epworth,11.0,10.0,-1.0
A07,6,13:41,17:24,PSS,28.0,30.0,2.0
A10,6,09:48,15:53,Tensão,2.0,1.0,-1.0
A10,6,09:48,15:53,Depressão,0.0,0.0,0.0
A10,6,09:48,15:53,Raiva,0.0,0.0,0.0
A10,6,09:48,15:53,Vigor,7.0,6.0,-1.0
A10,6,09:48,15:53,Fadiga,3.0,3.0,0.0
A10,6,09:48,15:53,Confusão,0.0,0.0,0.0
A10,6,09:48,15:53,TMD,-2.0,-2.0,0.0
A10,6,09:48,15:53,Fad.Física,4.0,3.0,-1.0
A10,6,09:48,15:53,Fad.Mental,5.0,4.0,-1.0
A10,6,09:48,15:53,Epworth,13.0,11.0,-2.0
A10,6,09:48,15:53,PSS,26.0,26.0,0.0
A11,6,13:58,15:54,Tensão,0.0,0.0,0.0
A11,6,13:58,15:54,Depressão,0.0,1.0,1.0
A11,6,13:58,15:54,Raiva,0.0,1.0,1.0
A11,6,13:58,15:54,Vigor,0.0,0.0,0.0
A11,6,13:58,15:54,Fadiga,7.0,6.0,-1.0
A11,6,13:58,15:54,Confusão,0.0,0.0,0.0
A11,6,13:58,15:54,TMD,7.0,8.0,1.0
A11,6,13:58,15:54,Fad.Física,9.0,9.0,0.0
A11,6,13:58,15:54,Fad.Mental,6.0,8.0,2.0
A11,6,13:58,15:54,Epworth,9.0,9.0,0.0
A11,6,13:58,15:54,PSS,26.0,24.0,-2.0
A12,6,09:45,16:03,Tensão,0.0,0.0,0.0
A12,6,09:45,16:03,Depressão,0.0,0.0,0.0
A12,6,09:45,16:03,Raiva,0.0,0.0,0.0
A12,6,09:45,16:03,Vigor,6.0,5.0,-1.0
A12,6,09:45,16:03,Fadiga,6.0,6.0,0.0
A12,6,09:45,16:03,Confusão,0.0,0.0,0.0
A12,6,09:45,16:03,TMD,0.0,1.0,1.0
A12,6,09:45,16:03,Fad.Física,6.0,8.0,2.0
A12,6,09:45,16:03,Fad.Mental,6.0,7.0,1.0
A12,6,09:45,16:03,Epworth,14.0,9.0,-5.0
A12,6,09:45,16:03,PSS,31.0,28.0,-3.0
A13,6,09:27,18:11,Tensão,0.0,0.0,0.0
A13,6,09:27,18:11,Depressão,0.0,0.0,0.0
A13,6,09:27,18:11,Raiva,0.0,0.0,0.0
A13,6,09:27,18:11,Vigor,7.0,0.0,-7.0
A13,6,09:27,18:11,Fadiga,4.0,12.0,8.0
A13,6,09:27,18:11,Confusão,0.0,0.0,0.0
A13,6,09:27,18:11,TMD,-3.0,12.0,15.0
A13,6,09:27,18:11,Fad.Física,3.0,8.0,5.0
A13,6,09:27,18:11,Fad.Mental,1.0,6.0,5.0
A13,6,09:27,18:11,Epworth,12.0,18.0,6.0
A13,6,09:27,18:11,PSS,16.0,15.0,-1.0
A16,6,13:57,16:04,Tensão,4.0,6.0,2.0
A16,6,13:57,16:04,Depressão,5.0,6.0,1.0
A16,6,13:57,16:04,Raiva,6.0,7.0,1.0
A16,6,13:57,16:04,Vigor,6.0,8.0,2.0
A16,6,13:57,16:04,Fadiga,6.0,3.0,-3.0
A16,6,13:57,16:04,Confusão,6.0,5.0,-1.0
A16,6,13:57,16:04,TMD,21.0,19.0,-2.0
A16,6,13:57,16:04,Fad.Física,10.0,7.0,-3.0
A16,6,13:57,16:04,Fad.Mental,5.0,6.0,1.0
A16,6,13:57,16:04,Epworth,7.0,4.0,-3.0
A16,6,13:57,16:04,PSS,29.0,24.0,-5.0
A17,6,09:30,15:38,Tensão,1.0,2.0,1.0
A17,6,09:30,15:38,Depressão,3.0,10.0,7.0
A17,6,09:30,15:38,Raiva,0.0,8.0,8.0
A17,6,09:30,15:38,Vigor,6.0,0.0,-6.0
A17,6,09:30,15:38,Fadiga,12.0,10.0,-2.0
A17,6,09:30,15:38,Confusão,2.0,2.0,0.0
A17,6,09:30,15:38,TMD,12.0,32.0,20.0
A17,6,09:30,15:38,Fad.Física,4.0,7.0,3.0
A17,6,09:30,15:38,Fad.Mental,10.0,10.0,0.0
A17,6,09:30,15:38,Epworth,12.0,12.0,0.0
A17,6,09:30,15:38,PSS,19.0,26.0,7.0
A18,6,14:09,17:51,Tensão,0.0,0.0,0.0
A18,6,14:09,17:51,Depressão,0.0,4.0,4.0
A18,6,14:09,17:51,Raiva,0.0,3.0,3.0
A18,6,14:09,17:51,Vigor,5.0,0.0,-5.0
A18,6,14:09,17:51,Fadiga,7.0,12.0,5.0
A18,6,14:09,17:51,Confusão,0.0,1.0,1.0
A18,6,14:09,17:51,TMD,2.0,20.0,18.0
A18,6,14:09,17:51,Fad.Física,8.0,10.0,2.0
A18,6,14:09,17:51,Fad.Mental,0.0,0.0,0.0
A18,6,14:09,17:51,Epworth,6.0,6.0,0.0
A18,6,14:09,17:51,PSS,12.0,13.0,1.0
A19,6,09:46,19:25,Tensão,2.0,2.0,0.0
A19,6,09:46,19:25,Depressão,2.0,2.0,0.0
A19,6,09:46,19:25,Raiva,1.0,1.0,0.0
A19,6,09:46,19:25,Vigor,6.0,6.0,0.0
A19,6,09:46,19:25,Fadiga,8.0,8.0,0.0
A19,6,09:46,19:25,Confusão,1.0,0.0,-1.0
A19,6,09:46,19:25,TMD,8.0,7.0,-1.0
A19,6,09:46,19:25,Fad.Física,7.0,8.0,1.0
A19,6,09:46,19:25,Fad.Mental,4.0,5.0,1.0
A19,6,09:46,19:25,Epworth,13.0,13.0,0.0
A19,6,09:46,19:25,PSS,27.0,30.0,3.0
A20,6,14:09,17:50,Tensão,0.0,0.0,0.0
A20,6,14:09,17:50,Depressão,0.0,3.0,3.0
A20,6,14:09,17:50,Raiva,0.0,2.0,2.0
A20,6,14:09,17:50,Vigor,10.0,10.0,0.0
A20,6,14:09,17:50,Fadiga,0.0,4.0,4.0
A20,6,14:09,17:50,Confusão,0.0,0.0,0.0
A20,6,14:09,17:50,TMD,-10.0,-1.0,9.0
A20,6,14:09,17:50,Fad.Física,6.0,4.0,-2.0
A20,6,14:09,17:50,Fad.Mental,1.0,1.0,0.0
A20,6,14:09,17:50,Epworth,8.0,8.0,0.0
A20,6,14:09,17:50,PSS,17.0,14.0,-3.0
A21,6,13:46,15:57,Tensão,3.0,2.0,-1.0
A21,6,13:46,15:57,Depressão,1.0,2.0,1.0
A21,6,13:46,15:57,Raiva,1.0,2.0,1.0
A21,6,13:46,15:57,Vigor,14.0,12.0,-2.0
A21,6,13:46,15:57,Fadiga,3.0,3.0,0.0
A21,6,13:46,15:57,Confusão,0.0,2.0,2.0
A21,6,13:46,15:57,TMD,-6.0,-1.0,5.0
A21,6,13:46,15:57,Fad.Física,5.0,6.0,1.0
A21,6,13:46,15:57,Fad.Mental,8.0,5.0,-3.0
A21,6,13:46,15:57,Epworth,7.0,4.0,-3.0
A21,6,13:46,15:57,PSS,25.0,34.0,9.0
A22,6,10:25,18:28,Tensão,0.0,1.0,1.0
A22,6,10:25,18:28,Depressão,0.0,0.0,0.0
A22,6,10:25,18:28,Raiva,3.0,9.0,6.0
A22,6,10:25,18:28,Vigor,1.0,1.0,0.0
A22,6,10:25,18:28,Fadiga,5.0,10.0,5.0
A22,6,10:25,18:28,Confusão,0.0,0.0,0.0
A22,6,10:25,18:28,TMD,7.0,19.0,12.0
A22,6,10:25,18:28,Fad.Física,8.0,8.0,0.0
A22,6,10:25,18:28,Fad.Mental,5.0,6.0,1.0
A22,6,10:25,18:28,Epworth,1.0,1.0,0.0
A22,6,10:25,18:28,PSS,22.0,27.0,5.0
A23,6,09:36,17:29,Tensão,1.0,0.0,-1.0
A23,6,09:36,17:29,Depressão,0.0,0.0,0.0
A23,6,09:36,17:29,Raiva,0.0,0.0,0.0
A23,6,09:36,17:29,Vigor,3.0,5.0,2.0
A23,6,09:36,17:29,Fadiga,0.0,0.0,0.0
A23,6,09:36,17:29,Confusão,0.0,0.0,0.0
A23,6,09:36,17:29,TMD,-2.0,-5.0,-3.0
A23,6,09:36,17:29,Fad.Física,1.0,1.0,0.0
A23,6,09:36,17:29,Fad.Mental,0.0,1.0,1.0
A23,6,09:36,17:29,Epworth,7.0,7.0,0.0
A23,6,09:36,17:29,PSS,20.0,27.0,7.0
A24,6,14:06,17:31,Tensão,0.0,0.0,0.0
A24,6,14:06,17:31,Depressão,0.0,1.0,1.0
A24,6,14:06,17:31,Raiva,0.0,6.0,6.0
A24,6,14:06,17:31,Vigor,13.0,2.0,-11.0
A24,6,14:06,17:31,Fadiga,1.0,12.0,11.0
A24,6,14:06,17:31,Confusão,0.0,0.0,0.0
A24,6,14:06,17:31,TMD,-12.0,17.0,29.0
A24,6,14:06,17:31,Fad.Física,4.0,10.0,6.0
A24,6,14:06,17:31,Fad.Mental,2.0,10.0,8.0
A24,6,14:06,17:31,Epworth,6.0,18.0,12.0
A24,6,14:06,17:31,PSS,23.0,23.0,0.0
A26,6,11:47,15:40,Tensão,1.0,1.0,0.0
A26,6,11:47,15:40,Depressão,0.0,0.0,0.0
A26,6,11:47,15:40,Raiva,0.0,0.0,0.0
A26,6,11:47,15:40,Vigor,12.0,8.0,-4.0
A26,6,11:47,15:40,Fadiga,0.0,3.0,3.0
A26,6,11:47,15:40,Confusão,0.0,0.0,0.0
A26,6,11:47,15:40,TMD,-11.0,-4.0,7.0
A26,6,11:47,15:40,Fad.Física,3.0,5.0,2.0
A26,6,11:47,15:40,Fad.Mental,1.0,2.0,1.0
A26,6,11:47,15:40,Epworth,0.0,0.0,0.0
A26,6,11:47,15:40,PSS,20.0,20.0,0.0
A27,6,14:33,16:02,Tensão,2.0,2.0,0.0
A27,6,14:33,16:02,Depressão,0.0,0.0,0.0
A27,6,14:33,16:02,Raiva,0.0,0.0,0.0
A27,6,14:33,16:02,Vigor,9.0,6.0,-3.0
A27,6,14:33,16:02,Fadiga,1.0,2.0,1.0
A27,6,14:33,16:02,Confusão,1.0,0.0,-1.0
A27,6,14:33,16:02,TMD,-5.0,-2.0,3.0
A27,6,14:33,16:02,Fad.Física,3.0,5.0,2.0
A27,6,14:33,16:02,Fad.Mental,1.0,2.0,1.0
A27,6,14:33,16:02,Epworth,13.0,12.0,-1.0
A27,6,14:33,16:02,PSS,20.0,22.0,2.0
A01,7,10:40,13:38,Tensão,7.0,7.0,0.0
A01,7,10:40,13:38,Depressão,0.0,0.0,0.0
A01,7,10:40,13:38,Raiva,0.0,0.0,0.0
A01,7,10:40,13:38,Vigor,5.0,8.0,3.0
A01,7,10:40,13:38,Fadiga,7.0,2.0,-5.0
A01,7,10:40,13:38,Confusão,0.0,0.0,0.0
A01,7,10:40,13:38,TMD,9.0,1.0,-8.0
A01,7,10:40,13:38,Fad.Física,5.0,6.0,1.0
A01,7,10:40,13:38,Fad.Mental,4.0,3.0,-1.0
A01,7,10:40,13:38,Epworth,18.0,12.0,-6.0
A01,7,10:40,13:38,PSS,19.0,16.0,-3.0
A02,7,10:05,13:39,Tensão,3.0,3.0,0.0
A02,7,10:05,13:39,Depressão,0.0,0.0,0.0
A02,7,10:05,13:39,Raiva,0.0,0.0,0.0
A02,7,10:05,13:39,Vigor,4.0,0.0,-4.0
A02,7,10:05,13:39,Fadiga,3.0,2.0,-1.0
A02,7,10:05,13:39,Confusão,0.0,0.0,0.0
A02,7,10:05,13:39,TMD,2.0,5.0,3.0
A02,7,10:05,13:39,Fad.Física,8.0,9.0,1.0
A02,7,10:05,13:39,Fad.Mental,5.0,4.0,-1.0
A02,7,10:05,13:39,Epworth,12.0,18.0,6.0
A02,7,10:05,13:39,PSS,19.0,24.0,5.0
A06,7,09:59,11:47,Tensão,0.0,0.0,0.0
A06,7,09:59,11:47,Depressão,0.0,0.0,0.0
A06,7,09:59,11:47,Raiva,0.0,0.0,0.0
A06,7,09:59,11:47,Vigor,8.0,7.0,-1.0
A06,7,09:59,11:47,Fadiga,1.0,6.0,5.0
A06,7,09:59,11:47,Confusão,0.0,0.0,0.0
A06,7,09:59,11:47,TMD,-7.0,-1.0,6.0
A06,7,09:59,11:47,Fad.Física,2.0,8.0,6.0
A06,7,09:59,11:47,Fad.Mental,3.0,6.0,3.0
A06,7,09:59,11:47,Epworth,3.0,3.0,0.0
A06,7,09:59,11:47,PSS,24.0,22.0,-2.0
A07,7,08:57,13:35,Tensão,0.0,3.0,3.0
A07,7,08:57,13:35,Depressão,2.0,0.0,-2.0
A07,7,08:57,13:35,Raiva,5.0,2.0,-3.0
A07,7,08:57,13:35,Vigor,3.0,4.0,1.0
A07,7,08:57,13:35,Fadiga,12.0,12.0,0.0
A07,7,08:57,13:35,Confusão,0.0,1.0,1.0
A07,7,08:57,13:35,TMD,16.0,14.0,-2.0
A07,7,08:57,13:35,Fad.Física,8.0,10.0,2.0
A07,7,08:57,13:35,Fad.Mental,10.0,8.0,-2.0
A07,7,08:57,13:35,Epworth,18.0,6.0,-12.0
A07,7,08:57,13:35,PSS,27.0,27.0,0.0
A10,7,09:20,13:32,Tensão,1.0,1.0,0.0
A10,7,09:20,13:32,Depressão,0.0,0.0,0.0
A10,7,09:20,13:32,Raiva,0.0,0.0,0.0
A10,7,09:20,13:32,Vigor,5.0,3.0,-2.0
A10,7,09:20,13:32,Fadiga,4.0,3.0,-1.0
A10,7,09:20,13:32,Confusão,0.0,0.0,0.0
A10,7,09:20,13:32,TMD,0.0,1.0,1.0
A10,7,09:20,13:32,Fad.Física,10.0,5.0,-5.0
A10,7,09:20,13:32,Fad.Mental,5.0,5.0,0.0
A10,7,09:20,13:32,Epworth,12.0,12.0,0.0
A10,7,09:20,13:32,PSS,30.0,28.0,-2.0
A11,7,10:02,13:39,Tensão,0.0,0.0,0.0
A11,7,10:02,13:39,Depressão,0.0,1.0,1.0
A11,7,10:02,13:39,Raiva,1.0,0.0,-1.0
A11,7,10:02,13:39,Vigor,0.0,0.0,0.0
A11,7,10:02,13:39,Fadiga,7.0,9.0,2.0
A11,7,10:02,13:39,Confusão,0.0,0.0,0.0
A11,7,10:02,13:39,TMD,8.0,10.0,2.0
A11,7,10:02,13:39,Fad.Física,9.0,10.0,1.0
A11,7,10:02,13:39,Fad.Mental,7.0,9.0,2.0
A11,7,10:02,13:39,Epworth,10.0,9.0,-1.0
A11,7,10:02,13:39,PSS,24.0,24.0,0.0
A12,7,10:10,11:26,Tensão,0.0,0.0,0.0
A12,7,10:10,11:26,Depressão,0.0,0.0,0.0
A12,7,10:10,11:26,Raiva,0.0,0.0,0.0
A12,7,10:10,11:26,Vigor,4.0,6.0,2.0
A12,7,10:10,11:26,Fadiga,3.0,6.0,3.0
A12,7,10:10,11:26,Confusão,0.0,0.0,0.0
A12,7,10:10,11:26,TMD,-1.0,0.0,1.0
A12,7,10:10,11:26,Fad.Física,6.0,9.0,3.0
A12,7,10:10,11:26,Fad.Mental,5.0,6.0,1.0
A12,7,10:10,11:26,Epworth,14.0,6.0,-8.0
A12,7,10:10,11:26,PSS,24.0,17.0,-7.0
A13,7,09:58,13:31,Tensão,0.0,0.0,0.0
A13,7,09:58,13:31,Depressão,0.0,0.0,0.0
A13,7,09:58,13:31,Raiva,0.0,0.0,0.0
A13,7,09:58,13:31,Vigor,7.0,1.0,-6.0
A13,7,09:58,13:31,Fadiga,4.0,12.0,8.0
A13,7,09:58,13:31,Confusão,0.0,0.0,0.0
A13,7,09:58,13:31,TMD,-3.0,11.0,14.0
A13,7,09:58,13:31,Fad.Física,5.0,8.0,3.0
A13,7,09:58,13:31,Fad.Mental,1.0,3.0,2.0
A13,7,09:58,13:31,Epworth,13.0,18.0,5.0
A13,7,09:58,13:31,PSS,17.0,16.0,-1.0
A17,7,09:58,10:57,Tensão,2.0,2.0,0.0
A17,7,09:58,10:57,Depressão,15.0,16.0,1.0
A17,7,09:58,10:57,Raiva,13.0,14.0,1.0
A17,7,09:58,10:57,Vigor,3.0,3.0,0.0
A17,7,09:58,10:57,Fadiga,15.0,16.0,1.0
A17,7,09:58,10:57,Confusão,8.0,7.0,-1.0
A17,7,09:58,10:57,TMD,50.0,52.0,2.0
A17,7,09:58,10:57,Fad.Física,10.0,10.0,0.0
A17,7,09:58,10:57,Fad.Mental,10.0,10.0,0.0
A17,7,09:58,10:57,Epworth,18.0,18.0,0.0
A17,7,09:58,10:57,PSS,26.0,27.0,1.0
A18,7,09:12,12:05,Tensão,0.0,0.0,0.0
A18,7,09:12,12:05,Depressão,1.0,1.0,0.0
A18,7,09:12,12:05,Raiva,0.0,0.0,0.0
A18,7,09:12,12:05,Vigor,0.0,1.0,1.0
A18,7,09:12,12:05,Fadiga,15.0,14.0,-1.0
A18,7,09:12,12:05,Confusão,0.0,0.0,0.0
A18,7,09:12,12:05,TMD,16.0,14.0,-2.0
A18,7,09:12,12:05,Fad.Física,10.0,10.0,0.0
A18,7,09:12,12:05,Fad.Mental,0.0,0.0,0.0
A18,7,09:12,12:05,Epworth,6.0,6.0,0.0
A18,7,09:12,12:05,PSS,14.0,13.0,-1.0
A19,7,09:28,14:40,Tensão,1.0,1.0,0.0
A19,7,09:28,14:40,Depressão,0.0,0.0,0.0
A19,7,09:28,14:40,Raiva,0.0,0.0,0.0
A19,7,09:28,14:40,Vigor,7.0,9.0,2.0
A19,7,09:28,14:40,Fadiga,3.0,4.0,1.0
A19,7,09:28,14:40,Confusão,0.0,0.0,0.0
A19,7,09:28,14:40,TMD,-3.0,-4.0,-1.0
A19,7,09:28,14:40,Fad.Física,6.0,7.0,1.0
A19,7,09:28,14:40,Fad.Mental,3.0,2.0,-1.0
A19,7,09:28,14:40,Epworth,9.0,12.0,3.0
A19,7,09:28,14:40,PSS,22.0,23.0,1.0
A20,7,12:05,13:39,Tensão,0.0,0.0,0.0
A20,7,12:05,13:39,Depressão,0.0,0.0,0.0
A20,7,12:05,13:39,Raiva,0.0,0.0,0.0
A20,7,12:05,13:39,Vigor,4.0,6.0,2.0
A20,7,12:05,13:39,Fadiga,1.0,2.0,1.0
A20,7,12:05,13:39,Confusão,0.0,0.0,0.0
A20,7,12:05,13:39,TMD,-3.0,-4.0,-1.0
A20,7,12:05,13:39,Fad.Física,4.0,8.0,4.0
A20,7,12:05,13:39,Fad.Mental,1.0,1.0,0.0
A20,7,12:05,13:39,Epworth,11.0,6.0,-5.0
A20,7,12:05,13:39,PSS,26.0,14.0,-12.0
A21,7,10:13,11:31,Tensão,1.0,2.0,1.0
A21,7,10:13,11:31,Depressão,1.0,2.0,1.0
A21,7,10:13,11:31,Raiva,3.0,5.0,2.0
A21,7,10:13,11:31,Vigor,11.0,8.0,-3.0
A21,7,10:13,11:31,Fadiga,5.0,8.0,3.0
A21,7,10:13,11:31,Confusão,1.0,0.0,-1.0
A21,7,10:13,11:31,TMD,0.0,9.0,9.0
A21,7,10:13,11:31,Fad.Física,7.0,8.0,1.0
A21,7,10:13,11:31,Fad.Mental,6.0,7.0,1.0
A21,7,10:13,11:31,Epworth,8.0,12.0,4.0
A21,7,10:13,11:31,PSS,28.0,25.0,-3.0
A22,7,10:11,12:03,Tensão,0.0,1.0,1.0
A22,7,10:11,12:03,Depressão,0.0,0.0,0.0
A22,7,10:11,12:03,Raiva,6.0,7.0,1.0
A22,7,10:11,12:03,Vigor,5.0,2.0,-3.0
A22,7,10:11,12:03,Fadiga,3.0,9.0,6.0
A22,7,10:11,12:03,Confusão,0.0,0.0,0.0
A22,7,10:11,12:03,TMD,4.0,15.0,11.0
A22,7,10:11,12:03,Fad.Física,5.0,9.0,4.0
A22,7,10:11,12:03,Fad.Mental,4.0,7.0,3.0
A22,7,10:11,12:03,Epworth,3.0,0.0,-3.0
A22,7,10:11,12:03,PSS,25.0,26.0,1.0
A24,7,09:58,11:25,Tensão,0.0,0.0,0.0
A24,7,09:58,11:25,Depressão,0.0,6.0,6.0
A24,7,09:58,11:25,Raiva,4.0,13.0,9.0
A24,7,09:58,11:25,Vigor,4.0,4.0,0.0
A24,7,09:58,11:25,Fadiga,12.0,12.0,0.0
A24,7,09:58,11:25,Confusão,0.0,0.0,0.0
A24,7,09:58,11:25,TMD,12.0,27.0,15.0
A24,7,09:58,11:25,Fad.Física,7.0,10.0,3.0
A24,7,09:58,11:25,Fad.Mental,7.0,10.0,3.0
A24,7,09:58,11:25,Epworth,12.0,18.0,6.0
A24,7,09:58,11:25,PSS,22.0,24.0,2.0
A27,7,09:47,11:46,Tensão,2.0,2.0,0.0
A27,7,09:47,11:46,Depressão,1.0,0.0,-1.0
A27,7,09:47,11:46,Raiva,1.0,0.0,-1.0
A27,7,09:47,11:46,Vigor,6.0,6.0,0.0
A27,7,09:47,11:46,Fadiga,2.0,6.0,4.0
A27,7,09:47,11:46,Confusão,2.0,1.0,-1.0
A27,7,09:47,11:46,TMD,2.0,3.0,1.0
A27,7,09:47,11:46,Fad.Física,4.0,8.0,4.0
A27,7,09:47,11:46,Fad.Mental,2.0,4.0,2.0
A27,7,09:47,11:46,Epworth,14.0,15.0,1.0
A27,7,09:47,11:46,PSS,21.0,21.0,0.0
