bloco,item,caminho_a,caminho_b,diferenca,confere
Estrutura,Pares atleta-dia,166.0,166.0,0.0,1
Estrutura,Atletas,27.0,27.0,0.0,1
Estrutura,Registros no microciclo,456.0,456.0,0.0,1
Artigo 1 · média diária,Tensão em D1,2.1481481481481484,2.1481481481481484,0.0,1
Artigo 1 · média diária,Tensão em D7,0.9404761904761905,0.9404761904761905,0.0,1
Artigo 1 · variação,Tensão · D1 → D7,-1.207671957671958,-1.207671957671958,0.0,1
Artigo 1 · média diária,Depressão em D1,1.0555555555555556,1.0555555555555556,0.0,1
Artigo 1 · média diária,Depressão em D7,1.26984126984127,1.2698412698412698,2.220446049250313e-16,1
Artigo 1 · variação,Depressão · D1 → D7,0.2142857142857144,0.2142857142857142,2.220446049250313e-16,1
Artigo 1 · média diária,Raiva em D1,1.7777777777777777,1.7777777777777777,0.0,1
Artigo 1 · média diária,Raiva em D7,2.51984126984127,2.51984126984127,0.0,1
Artigo 1 · variação,Raiva · D1 → D7,0.7420634920634925,0.7420634920634925,0.0,1
Artigo 1 · média diária,Vigor em D1,7.37037037037037,7.37037037037037,0.0,1
Artigo 1 · média diária,Vigor em D7,4.392857142857143,4.392857142857143,0.0,1
Artigo 1 · variação,Vigor · D1 → D7,-2.977513227513227,-2.977513227513227,0.0,1
Artigo 1 · média diária,Fadiga em D1,3.7222222222222223,3.7222222222222223,0.0,1
Artigo 1 · média diária,Fadiga em D7,7.337301587301588,7.337301587301588,0.0,1
Artigo 1 · variação,Fadiga · D1 → D7,3.6150793650793656,3.6150793650793656,0.0,1
Artigo 1 · média diária,Confusão em D1,0.9629629629629629,0.9629629629629629,0.0,1
Artigo 1 · média diária,Confusão em D7,0.5119047619047619,0.5119047619047619,0.0,1
Artigo 1 · variação,Confusão · D1 → D7,-0.45105820105820105,-0.45105820105820105,0.0,1
Artigo 1 · média diária,TMD em D1,2.2962962962962963,2.2962962962962963,0.0,1
Artigo 1 · média diária,TMD em D7,8.186507936507937,8.186507936507937,0.0,1
Artigo 1 · variação,TMD · D1 → D7,5.890211640211641,5.890211640211641,0.0,1
Artigo 1 · sinal,Tensão · piso de ruído,0.35111239096110036,0.3511123909611003,5.551115123125783e-17,1
Artigo 1 · sinal,Tensão · derivada D1→D2,-1.4972255550579137,-1.4972255550579132,-4.440892098500626e-16,1
Artigo 1 · sinal,Tensão · derivada D6→D7,-0.8598548805590509,-0.859854880559051,1.1102230246251565e-16,1
Artigo 1 · sinal,Depressão · piso de ruído,0.44885263324671865,0.44885263324671865,0.0,1
Artigo 1 · sinal,Depressão · derivada D1→D2,0.014995499039591326,0.014995499039591326,0.0,1
Artigo 1 · sinal,Depressão · derivada D6→D7,0.5610693921932648,0.5610693921932648,0.0,1
Artigo 1 · sinal,Raiva · piso de ruído,0.49589883783309735,0.49589883783309735,0.0,1
Artigo 1 · sinal,Raiva · derivada D1→D2,-0.22686078574328847,-0.226860785743288,-4.718447854656915e-16,1
Artigo 1 · sinal,Raiva · derivada D6→D7,1.8569497304618565,1.856949730461856,4.440892098500626e-16,1
Artigo 1 · sinal,Vigor · piso de ruído,0.5853741634044543,0.5853741634044543,0.0,1
Artigo 1 · sinal,Vigor · derivada D1→D2,-2.229927389945251,-2.229927389945253,1.7763568394002505e-15,1
Artigo 1 · sinal,Vigor · derivada D6→D7,-1.7196552064800612,-1.7196552064800612,0.0,1
Artigo 1 · sinal,Fadiga · piso de ruído,0.7570559382261612,0.7570559382261611,1.1102230246251565e-16,1
Artigo 1 · sinal,Fadiga · derivada D1→D2,1.4629461250605618,1.462946125060563,-1.3322676295501878e-15,1
Artigo 1 · sinal,Fadiga · derivada D6→D7,1.849893549411899,1.8498935494118995,-4.440892098500626e-16,1
Artigo 1 · sinal,Confusão · piso de ruído,0.2102258824329867,0.2102258824329867,0.0,1
Artigo 1 · sinal,Confusão · derivada D1→D2,-1.8651081996005134,-1.8651081996005134,0.0,1
Artigo 1 · sinal,Confusão · derivada D6→D7,0.20753312783496192,0.20753312783496192,0.0,1
Artigo 1 · sinal,TMD · piso de ruído,1.8652609733364094,1.8652609733364094,0.0,1
Artigo 1 · sinal,TMD · derivada D1→D2,0.7448374566220386,0.7448374566220386,0.0,1
Artigo 1 · sinal,TMD · derivada D6→D7,1.7807344341075195,1.7807344341075195,0.0,1
Artigo 1 · prevalência,Faixa de risco em D1,22.22222222222222,22.22222222222222,0.0,1
Artigo 1 · prevalência,Faixa de risco em D7,52.38095238095239,52.38095238095239,0.0,1
Artigo 2 · Wilcoxon D1×D7,Tensão · p,0.011847839085313791,0.011847839085313791,0.0,1
Artigo 2 · Wilcoxon D1×D7,Depressão · p,0.7289268637948052,0.7289268637948052,0.0,1
Artigo 2 · Wilcoxon D1×D7,Raiva · p,0.7534928259969147,0.7534928259969147,0.0,1
Artigo 2 · Wilcoxon D1×D7,Vigor · p,0.0006638248408875143,0.0006638248408875143,0.0,1
Artigo 2 · Wilcoxon D1×D7,Fadiga · p,0.0015528602863107439,0.0015528602863107439,0.0,1
Artigo 2 · Wilcoxon D1×D7,Confusão · p,0.06753459831355195,0.06753459831355195,0.0,1
Artigo 2 · Wilcoxon D1×D7,TMD · p,0.07338568141341512,0.07338568141341512,0.0,1
Artigo 2 · pareamento,Atletas com D1 e D7,21.0,21.0,0.0,1
Anexo · modelagem,Pares pré-pós,119.0,119.0,0.0,1
Anexo · modelagem,Atletas na modelagem,27.0,27.0,0.0,1
Anexo · modelagem,Eventos (risco à noite),57.0,57.0,0.0,1
Artigo 2 · normalidade,Tensão · W de Shapiro-Wilk,0.7953961447648764,0.7953961447648773,-8.881784197001252e-16,1
Artigo 2 · normalidade,Depressão · W de Shapiro-Wilk,0.5223730130312908,0.5223730130312909,-1.1102230246251565e-16,1
Artigo 2 · normalidade,Raiva · W de Shapiro-Wilk,0.6849545874057801,0.6849545874057794,6.661338147750939e-16,1
Artigo 2 · normalidade,Vigor · W de Shapiro-Wilk,0.982584394825528,0.9825843948255277,2.220446049250313e-16,1
Artigo 2 · normalidade,Fadiga · W de Shapiro-Wilk,0.9428471392558762,0.9428471392558773,-1.1102230246251565e-15,1
Artigo 2 · normalidade,Confusão · W de Shapiro-Wilk,0.5241990382793026,0.5241990382793025,1.1102230246251565e-16,1
Artigo 2 · normalidade,TMD · W de Shapiro-Wilk,0.8593527717553295,0.8593527717553298,-2.220446049250313e-16,1
