id,autores,ano,titulo,veiculo,doi,url_doi,pubmed,url_pubmed,open_access,url_oa,abnt,usada_em
1,"BEEDIE, C",2000,The profile of mood states and athletic performance: two meta-analyses,journal of applied sport psychology,10.1080/10413200008404213,https://doi.org/10.1080/10413200008404213,,,,,"BEEDIE, C. J.; TERRY, P. C.; LANE, A. M. The profile of mood states and athletic performance: two meta-analyses. Journal of Applied Sport Psychology, v. 12, n. 1, p. 49-68, 2000.",ambos
2,"BELGACEM, A",2026,"Impact of competitive anxiety on mood, sleep, and physical activity levels in young karate athletes",,10.1097/MD.0000000000048435,https://doi.org/10.1097/MD.0000000000048435,,,,,"BELGACEM, A.; SALEM, A.; YILDIZ, M. et al. Impact of competitive anxiety on mood, sleep, and physical activity levels in young karate athletes. Medicine, v. 105, 2026.",ambos
3,"BIRD, S",2025,"Wellness, mood, sleep, and performance in a women's national basketball team during international competition",,10.5114/jhk/200117,https://doi.org/10.5114/jhk/200117,,,,,"BIRD, S. P.; PARSONS-SMITH, R. L.; KING, R. et al. Wellness, mood, sleep, and performance in a women's national basketball team during international competition. Journal of Human Kinetics, 2025.",ambos
4,"BJØRNDAL, C",2021,"An examination of training load, match activities, and health problems in Norwegian youth elite handball players over one competitive season",frontiers in sports and active living,10.3389/fspor.2021.635103,https://doi.org/10.3389/fspor.2021.635103,,,,,"BJØRNDAL, C. T.; BACHE-MATHIESEN, L. K.; GJESDAL, S. et al. An examination of training load, match activities, and health problems in Norwegian youth elite handball players over one competitive season. Frontiers in Sports and Active Living, v. 3, 635103, 2021.",ambos
5,"BÜCHEL, D",2026,Inter-individual differences in weekly training load in international-level handball players,frontiers in sports and active living,10.3389/fspor.2025.1605750,https://doi.org/10.3389/fspor.2025.1605750,,,,,"BÜCHEL, D.; DÖRING, M.; BAUMEISTER, J. Inter-individual differences in weekly training load in international-level handball players. Frontiers in Sports and Active Living, v. 7, 1605750, 2026.",ambos
6,"COCHRAN, W",1950,The comparison of percentages in matched samples,,10.1093/biomet/37.3-4.256,https://doi.org/10.1093/biomet/37.3-4.256,,,,,"COCHRAN, W. G. The comparison of percentages in matched samples. Biometrika, v. 37, n. 3-4, p. 256-266, 1950.",ambos
7,"COSTA, J",2022,The importance of sleep in athletes,,10.5772/intechopen.102535,https://doi.org/10.5772/intechopen.102535,,,,,"COSTA, J. A.; FIGUEIREDO, P.; NAKAMURA, F. Y. The importance of sleep in athletes. In: SLEEP MEDICINE AND THE EVOLUTION OF CONTEMPORARY SLEEP SCIENCE. London: IntechOpen, 2022.",ambos
8,"FERREIRA, A",2023,Effects of different training load magnitudes on sleep pattern and mood state in young soccer players,,10.1055/s-0043-1770247,https://doi.org/10.1055/s-0043-1770247,,,,,"FERREIRA, A. B. M.; RIBEIRO, B. L. L.; MELO, A. L. L. S. et al. Effects of different training load magnitudes on sleep pattern and mood state in young soccer players. Sleep Science, v. 16, 2023.",ambos
9,"FRIEDMAN, M",1937,The use of ranks to avoid the assumption of normality implicit in the analysis of variance,,10.1080/01621459.1937.10503522,https://doi.org/10.1080/01621459.1937.10503522,,,,,"FRIEDMAN, M. The use of ranks to avoid the assumption of normality implicit in the analysis of variance. Journal of the American Statistical Association, v. 32, n. 200, p. 675-701, 1937.",ambos
10,"GARCÍA-SÁNCHEZ, C",2023,Physical demands during official competitions in elite handball: a systematic review,international journal of environmental research and public health,10.3390/ijerph20043353,https://doi.org/10.3390/ijerph20043353,,,,,"GARCÍA-SÁNCHEZ, C. et al. Physical demands during official competitions in elite handball: a systematic review. International Journal of Environmental Research and Public Health, v. 20, n. 4, 3353, 2023.",ambos
11,"GARRETT, J",2020,Comparison of a countermovement jump test and submaximal run test to quantify the sensitivity for detecting practically important changes within high-performance Australian rules football,,10.1123/ijspp.2019-0150,https://doi.org/10.1123/ijspp.2019-0150,,,,,"GARRETT, J.; GRAHAM, S. R.; ESTON, R. G. et al. Comparison of a countermovement jump test and submaximal run test to quantify the sensitivity for detecting practically important changes within high-performance Australian rules football. International Journal of Sports Physiology and Performance, v. 15, n. 1, p. 68-72, 2020.",ambos
12,"GENTILE, A",2021,Living in the “bubble”: athletes' psychological profile during the Sambo World Championship,frontiers in psychology,10.3389/fpsyg.2021.657652,https://doi.org/10.3389/fpsyg.2021.657652,,,,,"GENTILE, A.; TRIVIĆ, T.; BIANCO, A. et al. Living in the “bubble”: athletes' psychological profile during the Sambo World Championship. Frontiers in Psychology, v. 12, 657652, 2021.",ambos
13,"HAN, C",2020,Mood profiling in Singapore: cross-cultural validation and potential applications of mood profile clusters,frontiers in psychology,10.3389/fpsyg.2020.00665,https://doi.org/10.3389/fpsyg.2020.00665,,,,,"HAN, C. S. Y.; PARSONS-SMITH, R. L.; TERRY, P. C. Mood profiling in Singapore: cross-cultural validation and potential applications of mood profile clusters. Frontiers in Psychology, v. 11, 665, 2020.",ambos
14,"HARRIS, C",2020,Array programming with NumPy,nature,10.1038/s41586-020-2649-2,https://doi.org/10.1038/s41586-020-2649-2,,,,,"HARRIS, C. R. et al. Array programming with NumPy. Nature, v. 585, n. 7825, p. 357-362, 2020.",ambos
15,"HENZE, A",2025,Athlete monitoring in handball (ATHMON HB): a survey of current practice in professional women's and men's handball,bmc sports science medicine and rehabilitation,10.1186/s13102-025-01177-4,https://doi.org/10.1186/s13102-025-01177-4,,,,,"HENZE, A. S. et al. Athlete monitoring in handball (ATHMON HB): a survey of current practice in professional women's and men's handball. BMC Sports Science, Medicine and Rehabilitation, v. 17, n. 1, 126, 2025.",ambos
16,"HOLM, S",1979,simple sequentially rejective multiple test procedure,,,,,,,,"HOLM, S. A simple sequentially rejective multiple test procedure. Scandinavian Journal of Statistics, v. 6, n. 2, p. 65-70, 1979.",ambos
17,"HOPKINS, W",2000,Measures of reliability in sports medicine and science,,10.2165/00007256-200030010-00001,https://doi.org/10.2165/00007256-200030010-00001,,,,,"HOPKINS, W. G. Measures of reliability in sports medicine and science. Sports Medicine, v. 30, n. 1, p. 1-15, 2000.",ambos
18,"HOPKINS, W",2001,Reliability of power in physical performance tests,,10.2165/00007256-200131030-00005,https://doi.org/10.2165/00007256-200131030-00005,,,,,"HOPKINS, W. G.; SCHABORT, E. J.; HAWLEY, J. A. Reliability of power in physical performance tests. Sports Medicine, v. 31, n. 3, p. 211-234, 2001.",ambos
19,"HUNTER, J",2007,Matplotlib: a 2D graphics environment,computing in science &amp; engineering,10.1109/mcse.2007.55,https://doi.org/10.1109/mcse.2007.55,,,,,"HUNTER, J. D. Matplotlib: a 2D graphics environment. Computing in Science and Engineering, v. 9, n. 3, p. 90-95, 2007.",ambos
20,"KARCHER, C",2014,"On-court demands of elite handball, with special reference to playing positions",sports medicine,10.1007/s40279-014-0164-z,https://doi.org/10.1007/s40279-014-0164-z,,,,,"KARCHER, C.; BUCHHEIT, M. On-court demands of elite handball, with special reference to playing positions. Sports Medicine, v. 44, n. 6, p. 797-814, 2014.",ambos
21,"KELLMANN, M",2018,Recovery and performance in sport: consensus statement,international journal of sports physiology and performance,10.1123/ijspp.2017-0759,https://doi.org/10.1123/ijspp.2017-0759,,,,,"KELLMANN, M. et al. Recovery and performance in sport: consensus statement. International Journal of Sports Physiology and Performance, v. 13, n. 2, p. 240-245, 2018.",ambos
22,"KENDALL, M",1939,The problem of m rankings,,10.1214/aoms/1177732186,https://doi.org/10.1214/aoms/1177732186,,,,,"KENDALL, M. G.; SMITH, B. B. The problem of m rankings. The Annals of Mathematical Statistics, v. 10, n. 3, p. 275-287, 1939.",ambos
23,"LEW, P",2023,Cross-cultural validation of the Malaysian Mood Scale and tests of between-group mood differences,international journal of environmental research and public health,10.3390/ijerph20043348,https://doi.org/10.3390/ijerph20043348,,,,,"LEW, P. C. F.; PARSONS-SMITH, R. L.; LAMONT-MILLS, A. et al. Cross-cultural validation of the Malaysian Mood Scale and tests of between-group mood differences. International Journal of Environmental Research and Public Health, v. 20, n. 4, 3348, 2023.",ambos
24,"LINDBERG, K",2022,Strength and power testing of athletes: a multicenter study of test-retest reliability,,10.1123/ijspp.2021-0558,https://doi.org/10.1123/ijspp.2021-0558,,,,,"LINDBERG, K.; SOLBERG, P.; BJØRNSEN, T. et al. Strength and power testing of athletes: a multicenter study of test-retest reliability. International Journal of Sports Physiology and Performance, v. 17, n. 7, p. 1103-1110, 2022.",ambos
25,"LOBO, J",2026,From athlete monitoring to responsible decision support in sports analytics,,10.55860/9c1pxv60,https://doi.org/10.55860/9c1pxv60,,,,,"LOBO, J. From athlete monitoring to responsible decision support in sports analytics. Journal of Human Sport and Exercise, v. 21, n. 4, p. 1261, 2026.",ambos
26,"LOCHBAUM, M",2021,The Profile of Mood States and athletic performance: a meta-analysis of published studies,european journal of investigation in health psychology and education,10.3390/ejihpe11010005,https://doi.org/10.3390/ejihpe11010005,,,,,"LOCHBAUM, M. et al. The Profile of Mood States and athletic performance: a meta-analysis of published studies. European Journal of Investigation in Health, Psychology and Education, v. 11, n. 1, p. 50-70, 2021.",ambos
27,"LUOJUMÄKI, R",2026,"Exploring mood profile clusters across physical activity level, gender and age",,10.1002/ejsc.70131,https://doi.org/10.1002/ejsc.70131,,,,,"LUOJUMÄKI, R.; RUIZ, M. C.; ADIE, J. et al. Exploring mood profile clusters across physical activity level, gender and age. European Journal of Sport Science, 2026.",ambos
28,"MANDL, M",2024,Addressing researcher degrees of freedom through minP adjustment,,10.1186/s12874-024-02279-2,https://doi.org/10.1186/s12874-024-02279-2,,,,,"MANDL, M. M.; BECKER-PENNRICH, A.; HINSKE, L. C. et al. Addressing researcher degrees of freedom through minP adjustment. BMC Medical Research Methodology, v. 24, 2024.",ambos
29,"McFADDEN, B",2021,Psychological and physiological changes in response to the cumulative demands of a women's division I collegiate soccer season,the journal of strength and conditioning research,10.1519/jsc.0000000000004062,https://doi.org/10.1519/jsc.0000000000004062,,,,,"McFADDEN, B. A.; WALKER, A. J.; BOZZINI, B. N. et al. Psychological and physiological changes in response to the cumulative demands of a women's division I collegiate soccer season. Journal of Strength and Conditioning Research, v. 35, n. 12, p. 3405-3414, 2021.",ambos
30,"McGUIGAN, H",2022,"Does education improve adherence to a training monitoring program in recreational athletes? International Journal of Sports Science & Coaching, v",,10.1177/17479541211070789,https://doi.org/10.1177/17479541211070789,,,,,"McGUIGAN, H.; HASSMÉN, P.; ROSIĆ, N. et al. Does education improve adherence to a training monitoring program in recreational athletes? International Journal of Sports Science & Coaching, v. 18, n. 1, p. 101-113, 2022.",ambos
31,"McNEMAR, Q",1947,Note on the sampling error of the difference between correlated proportions or percentages,,10.1007/BF02295996,https://doi.org/10.1007/BF02295996,,,,,"McNEMAR, Q. Note on the sampling error of the difference between correlated proportions or percentages. Psychometrika, v. 12, n. 2, p. 153-157, 1947.",ambos
32,"MEEUSEN, R",2013,"Prevention, diagnosis, and treatment of the overtraining syndrome: joint consensus statement of the European College of Sport Science and the American College of Sports Medicine",european journal of sport science,10.1080/17461391.2012.730061,https://doi.org/10.1080/17461391.2012.730061,,,,,"MEEUSEN, R. et al. Prevention, diagnosis, and treatment of the overtraining syndrome: joint consensus statement of the European College of Sport Science and the American College of Sports Medicine. Medicine and Science in Sports and Exercise, v. 45, n. 1, p. 186-205, 2013.",ambos
33,"MORGAN, W",1985,Selected psychological factors limiting performance: a mental health model,,,,,,,,"MORGAN, W. P. Selected psychological factors limiting performance: a mental health model. In: CLARKE, D. H.; ECKERT, H. M. (org.). Limits of human performance. Champaign: Human Kinetics, 1985. p. 70-80.",ambos
34,"MORGAN, W",1980,Test of champions: the iceberg profile,,,,,,,,"MORGAN, W. P. Test of champions: the iceberg profile. Psychology Today, v. 14, p. 92-108, 1980.",ambos
35,"NEWANS, T",2022,The utility of mixed models in sport science: a call for further adoption in longitudinal data sets,,10.1123/ijspp.2021-0496,https://doi.org/10.1123/ijspp.2021-0496,,,,,"NEWANS, T.; BELLINGER, P.; DROVANDI, C. et al. The utility of mixed models in sport science: a call for further adoption in longitudinal data sets. International Journal of Sports Physiology and Performance, v. 17, n. 8, p. 1289-1295, 2022.",ambos
36,"PAGE, E",1963,Ordered hypotheses for multiple treatments: a significance test for linear ranks,journal of the american statistical association,10.1080/01621459.1963.10500843,https://doi.org/10.1080/01621459.1963.10500843,,,,,"PAGE, E. B. Ordered hypotheses for multiple treatments: a significance test for linear ranks. Journal of the American Statistical Association, v. 58, n. 301, p. 216-230, 1963.",ambos
37,"PARSONS-SMITH, R",2017,Identification and description of novel mood profile clusters,frontiers in psychology,10.3389/fpsyg.2017.01958,https://doi.org/10.3389/fpsyg.2017.01958,,,,,"PARSONS-SMITH, R. L.; TERRY, P. C.; MACHIN, M. A. Identification and description of novel mood profile clusters. Frontiers in Psychology, v. 8, 1958, 2017.",ambos
38,"PEREZ ARMENDARIZ, M",2024,Match demands of female team sports: a scoping review,,,,,,,,"PEREZ ARMENDARIZ, M. L.; SPYROU, K.; ALCARÁZ, P. E. Match demands of female team sports: a scoping review. Biology of Sport, v. 41, n. 3, p. 175-199, 2024.",ambos
39,"RAFNSSON, E",2021,"Association between training load, intensity, and overuse problems during pre-season in elite handball",translational sports medicine,10.1002/tsm2.287,https://doi.org/10.1002/tsm2.287,,,,,"RAFNSSON, E. T.; MYKLEBUST, G.; VALDIMARSSON, Ö. et al. Association between training load, intensity, and overuse problems during pre-season in elite handball. Translational Sports Medicine, v. 4, n. 6, p. 858-865, 2021.",ambos
40,"REYNOSO-SÁNCHEZ, L",2021,Competitive recovery-stress and mood states in Mexican youth athletes,frontiers in psychology,10.3389/fpsyg.2020.627828,https://doi.org/10.3389/fpsyg.2020.627828,,,,,"REYNOSO-SÁNCHEZ, L. F.; PÉREZ-VERDUZCO, G.; CELESTINO SÁNCHEZ, M. A. et al. Competitive recovery-stress and mood states in Mexican youth athletes. Frontiers in Psychology, v. 11, 627828, 2021.",ambos
41,"ROHLFS, I",2023,Psychometric characteristics of the Brazil Mood Scale among youth and elite athletes using two response time frames,sports,10.3390/sports11120244,https://doi.org/10.3390/sports11120244,,,,,"ROHLFS, I. C. P. M. et al. Psychometric characteristics of the Brazil Mood Scale among youth and elite athletes using two response time frames. Sports, v. 11, n. 12, 244, 2023.",ambos
42,"ROHLFS, I",2025,"Mood states, injury status, and countermovement jump performance in Brazilian high-performance athletes",sports,10.3390/sports13090303,https://doi.org/10.3390/sports13090303,,,,,"ROHLFS, I. C. P. M.; NOCE, F.; WILKE, C. F. et al. Mood states, injury status, and countermovement jump performance in Brazilian high-performance athletes. Sports, v. 13, n. 9, 303, 2025.",ambos
43,"ROHLFS, I",2024,Prevalence of specific mood profile clusters among elite and youth athletes at a Brazilian sports club,sports,10.3390/sports12070195,https://doi.org/10.3390/sports12070195,,,,,"ROHLFS, I. C. P. M.; NOCE, F.; WILKE, C. F. Prevalence of specific mood profile clusters among elite and youth athletes at a Brazilian sports club. Sports, v. 12, n. 7, 195, 2024.",ambos
44,"ROHLFS, I",2008,A Escala de Humor de Brunel (BRUMS): instrumento para detecção precoce da síndrome do excesso de treinamento,revista brasileira de medicina do esporte,10.1590/s1517-86922008000300003,https://doi.org/10.1590/s1517-86922008000300003,,,,,"ROHLFS, I. C. P. M.; ROTTA, T. M.; LUFT, C. D. B. et al. A Escala de Humor de Brunel (BRUMS): instrumento para detecção precoce da síndrome do excesso de treinamento. Revista Brasileira de Medicina do Esporte, v. 14, n. 3, p. 176-181, 2008.",ambos
45,"SAAL, C",2026,How different defensive formations affect physical match demands in the German Handball Bundesliga,,,,,,,,"SAAL, C.; RHEINSBERG, P.; BAUMGART, C. How different defensive formations affect physical match demands in the German Handball Bundesliga. Frontiers in Sports and Active Living, v. 8, 1811523, 2026.",ambos
46,"SAHLI, H",2023,Testing the psychometric properties of an Arabic version of the Brunel Mood Scale among physical education students,european journal of investigation in health psychology and education,10.3390/ejihpe13080112,https://doi.org/10.3390/ejihpe13080112,,,,,"SAHLI, H.; SAHLI, F.; SAIDANE, M. et al. Testing the psychometric properties of an Arabic version of the Brunel Mood Scale among physical education students. European Journal of Investigation in Health, Psychology and Education, v. 13, n. 8, p. 1539-1552, 2023.",ambos
47,"SAW, A",2016,Monitoring the athlete training response: subjective self-reported measures trump commonly used objective measures: a systematic review,british journal of sports medicine,10.1136/bjsports-2015-094758,https://doi.org/10.1136/bjsports-2015-094758,,,,,"SAW, A. E.; MAIN, L. C.; GASTIN, P. B. Monitoring the athlete training response: subjective self-reported measures trump commonly used objective measures: a systematic review. British Journal of Sports Medicine, v. 50, n. 5, p. 281-291, 2016.",ambos
48,"SAW, A",2015,Role of a self-report measure in athlete preparation,,10.1519/jsc.0000000000000698,https://doi.org/10.1519/jsc.0000000000000698,,,,,"SAW, A. E.; MAIN, L. C.; GASTIN, P. B. Role of a self-report measure in athlete preparation. Journal of Strength and Conditioning Research, v. 29, n. 3, p. 685-691, 2015.",ambos
49,"SAWCZUK, T",2021,Influence of perceptions of sleep on well-being in youth athletes,the journal of strength and conditioning research,10.1519/jsc.0000000000002857,https://doi.org/10.1519/jsc.0000000000002857,,,,,"SAWCZUK, T.; JONES, B.; SCANTLEBURY, S. et al. Influence of perceptions of sleep on well-being in youth athletes. Journal of Strength and Conditioning Research, v. 35, n. 4, p. 1066-1073, 2021.",ambos
50,"SHROUT, P",1979,Intraclass correlations: uses in assessing rater reliability,sports,10.3390/sports11120234,https://doi.org/10.3390/sports11120234,,,,,"SHROUT, P. E.; FLEISS, J. L. Intraclass correlations: uses in assessing rater reliability. Psychological Bulletin, v. 86, n. 2, p. 420-428, 1979.",ambos
51,"TERRY, P",2000,Normative values for the profile of mood states for use with athletic samples,journal of applied sport psychology,10.1080/10413200008404215,https://doi.org/10.1080/10413200008404215,,,,,"TERRY, P. C.; LANE, A. M. Normative values for the profile of mood states for use with athletic samples. Journal of Applied Sport Psychology, v. 12, n. 1, p. 93-109, 2000.",ambos
52,"TERRY, P",1999,Development and validation of a mood measure for adolescents,journal of sports sciences,10.1080/026404199365425,https://doi.org/10.1080/026404199365425,,,,,"TERRY, P. C.; LANE, A. M.; LANE, H. J.; KEOHANE, L. Development and validation of a mood measure for adolescents. Journal of Sports Sciences, v. 17, n. 11, p. 861-872, 1999.",ambos
53,"TERRY, P",2021,Mood profiling for sustainable mental health among athletes,sustainability,10.3390/su13116116,https://doi.org/10.3390/su13116116,,,,,"TERRY, P. C.; PARSONS-SMITH, R. L. Mood profiling for sustainable mental health among athletes. Sustainability, v. 13, n. 11, 6116, 2021.",ambos
54,"TERRY, P",2022,Physical activity and healthy habits influence mood profile clusters in a Lithuanian population,sustainability,10.3390/su141610006,https://doi.org/10.3390/su141610006,,,,,"TERRY, P. C.; PARSONS-SMITH, R. L.; SKURVYDAS, A. et al. Physical activity and healthy habits influence mood profile clusters in a Lithuanian population. Sustainability, v. 14, n. 16, 10006, 2022.",ambos
55,"TERRY, P",2024,Mood profile clusters among Greek exercise participants and inactive adults,sci,10.3390/sci6020018,https://doi.org/10.3390/sci6020018,,,,,"TERRY, P. C.; PARSONS-SMITH, R. L.; VLACHOPOULOS, S. P. Mood profile clusters among Greek exercise participants and inactive adults. Sci, v. 6, n. 2, 18, 2024.",ambos
56,"TERRY, P",2022,Validation of a Lithuanian-language version of the Brunel Mood Scale: the BRUMS-LTU,international journal of environmental research and public health,10.3390/ijerph19084867,https://doi.org/10.3390/ijerph19084867,,,,,"TERRY, P. C.; SKURVYDAS, A.; LISINSKIENĖ, A. et al. Validation of a Lithuanian-language version of the Brunel Mood Scale: the BRUMS-LTU. International Journal of Environmental Research and Public Health, v. 19, n. 8, 4867, 2022.",ambos
57,"TERWEE, C",2007,Quality criteria were proposed for measurement properties of health status questionnaires,journal of clinical epidemiology,10.1016/j.jclinepi.2006.03.012,https://doi.org/10.1016/j.jclinepi.2006.03.012,,,,,"TERWEE, C. B. et al. Quality criteria were proposed for measurement properties of health status questionnaires. Journal of Clinical Epidemiology, v. 60, n. 1, p. 34-42, 2007.",ambos
58,"TIMMERMAN, W",2024,Athlete monitoring perspectives of sports coaches and support staff: a scoping review,,10.1177/17479541241247131,https://doi.org/10.1177/17479541241247131,,,,,"TIMMERMAN, W. P.; ABBISS, C. R.; LAWLER, N. G. et al. Athlete monitoring perspectives of sports coaches and support staff: a scoping review. International Journal of Sports Science & Coaching, v. 19, n. 4, p. 1813-1832, 2024.",ambos
59,"VIRTANEN, P",2020,SciPy 1.0: fundamental algorithms for scientific computing in Python,nature chemical biology,10.1038/s41592-019-0686-2,https://doi.org/10.1038/s41592-019-0686-2,,,,,"VIRTANEN, P. et al. SciPy 1.0: fundamental algorithms for scientific computing in Python. Nature Methods, v. 17, n. 3, p. 261-272, 2020.",ambos
60,"VLACHOPOULOS, S",2023,Greek translation of the Brunel Mood Scale: initial validation among exercise participants and inactive adults,,,,,,,,"VLACHOPOULOS, S. P.; LANE, A. M.; TERRY, P. C. A Greek translation of the Brunel Mood Scale: initial validation among exercise participants and inactive adults. Sports, v. 11, n. 12, 234, 2023.",ambos
61,"WILCOXON, F",1945,Individual comparisons by ranking methods,,10.2307/3001968,https://doi.org/10.2307/3001968,,,,,"WILCOXON, F. Individual comparisons by ranking methods. Biometrics Bulletin, v. 1, n. 6, p. 80-83, 1945.",ambos
62,"WILKE, C",2020,"Influence of faster and slower recovery-profile classifications, self-reported sleep, acute training load, and phase of the microcycle on perceived recovery in football players",international journal of sports physiology and performance,10.1123/ijspp.2019-0201,https://doi.org/10.1123/ijspp.2019-0201,,,,,"WILKE, C. F.; WANNER, S. P.; SANTOS, W. H. M. et al. Influence of faster and slower recovery-profile classifications, self-reported sleep, acute training load, and phase of the microcycle on perceived recovery in football players. International Journal of Sports Physiology and Performance, v. 15, n. 8, p. 1148-1156, 2020.",ambos
63,"WOOLMER, E",2025,What do athletes really think? Athlete perceptions and attitudes towards athlete monitoring in professional soccer,,10.1177/17479541251318846,https://doi.org/10.1177/17479541251318846,,,,,"WOOLMER, E.; MORRIS, R.; NOON, M. What do athletes really think? Athlete perceptions and attitudes towards athlete monitoring in professional soccer. International Journal of Sports Science & Coaching, 2025.",ambos
